"study_db_id","year","germplasm_db_id","germplasm_name","observation_unit_db_id","observation_unit_name","rep","block","plot","row","column","observation_variable_name","value","location_name","study_name","program_name"
10011,2024,1334600,"NY15141-01-02-01-1830",1453095,"24_Big6_MASMI_609431",1,1,1022,18,44,"Grain yield - kg/ha|CO_321:0001218",5679.19,"Mason, MI","24_Big6_MASMI","Michigan State University"
10011,2024,1380527,"NY16068-01-11-1909",1452828,"24_Big6_MASMI_609437",1,1,1038,19,31,"Grain yield - kg/ha|CO_321:0001218",5953.93,"Mason, MI","24_Big6_MASMI","Michigan State University"
10011,2024,1332907,"NY12302-2-14-01-1441",1452781,"24_Big6_MASMI_609399",1,1,1043,19,26,"Grain yield - kg/ha|CO_321:0001218",5013.25,"Mason, MI","24_Big6_MASMI","Michigan State University"
10011,2024,1332932,"NY12512-1-6-17-1544",1452891,"24_Big6_MASMI_609427",1,1,1045,19,24,"Grain yield - kg/ha|CO_321:0001218",4640.18,"Mason, MI","24_Big6_MASMI","Michigan State University"
10011,2024,1334710,"NY15148-01-01-10-1860",1453134,"24_Big6_MASMI_609429",1,1,1056,20,32,"Grain yield - kg/ha|CO_321:0001218",6449.43,"Mason, MI","24_Big6_MASMI","Michigan State University"
10011,2024,1334391,"NY12428-1-12-01-01-1765",1452862,"24_Big6_MASMI_609425",1,1,1066,20,42,"Grain yield - kg/ha|CO_321:0001218",5284.71,"Mason, MI","24_Big6_MASMI","Michigan State University"
10011,2024,1380534,"NY16058-01-06-1900",1452924,"24_Big6_MASMI_609435",1,1,1076,21,39,"Grain yield - kg/ha|CO_321:0001218",6168.96,"Mason, MI","24_Big6_MASMI","Michigan State University"
10011,2024,1332843,"NY12351-1-14-20-1484",1453172,"24_Big6_MASMI_609407",1,1,1135,23,26,"Grain yield - kg/ha|CO_321:0001218",5798.22,"Mason, MI","24_Big6_MASMI","Michigan State University"
10011,2024,1334621,"NY15158-01-01-10-1873",1453147,"24_Big6_MASMI_609421",1,1,1187,26,25,"Grain yield - kg/ha|CO_321:0001218",5951.8,"Mason, MI","24_Big6_MASMI","Michigan State University"
10011,2024,1334710,"NY15148-01-01-10-1860",1452825,"24_Big6_MASMI_609430",2,1,2017,28,39,"Grain yield - kg/ha|CO_321:0001218",6098.86,"Mason, MI","24_Big6_MASMI","Michigan State University"
10011,2024,1334621,"NY15158-01-01-10-1873",1452814,"24_Big6_MASMI_609422",2,1,2045,29,24,"Grain yield - kg/ha|CO_321:0001218",5888.61,"Mason, MI","24_Big6_MASMI","Michigan State University"
10011,2024,1332907,"NY12302-2-14-01-1441",1453167,"24_Big6_MASMI_609400",2,1,2085,31,30,"Grain yield - kg/ha|CO_321:0001218",5288.71,"Mason, MI","24_Big6_MASMI","Michigan State University"
10011,2024,1332843,"NY12351-1-14-20-1484",1453094,"24_Big6_MASMI_609408",2,1,2107,32,37,"Grain yield - kg/ha|CO_321:0001218",6620.64,"Mason, MI","24_Big6_MASMI","Michigan State University"
10011,2024,1332932,"NY12512-1-6-17-1544",1452786,"24_Big6_MASMI_609428",2,1,2109,32,39,"Grain yield - kg/ha|CO_321:0001218",5694.43,"Mason, MI","24_Big6_MASMI","Michigan State University"
10011,2024,1334391,"NY12428-1-12-01-01-1765",1452855,"24_Big6_MASMI_609426",2,1,2145,34,29,"Grain yield - kg/ha|CO_321:0001218",5438.83,"Mason, MI","24_Big6_MASMI","Michigan State University"
10011,2024,1334600,"NY15141-01-02-01-1830",1452969,"24_Big6_MASMI_609432",2,1,2147,34,31,"Grain yield - kg/ha|CO_321:0001218",6126.43,"Mason, MI","24_Big6_MASMI","Michigan State University"
10011,2024,1380527,"NY16068-01-11-1909",1453014,"24_Big6_MASMI_609438",2,1,2149,34,33,"Grain yield - kg/ha|CO_321:0001218",4972.78,"Mason, MI","24_Big6_MASMI","Michigan State University"
10011,2024,1380534,"NY16058-01-06-1900",1452930,"24_Big6_MASMI_609436",2,1,2170,35,37,"Grain yield - kg/ha|CO_321:0001218",6108.08,"Mason, MI","24_Big6_MASMI","Michigan State University"
10020,2023,1332907,"NY12302-2-14-01-1441",1455250,"23_Big6_SVREC_540337",1,1,11,2,75,"Grain yield - kg/ha|CO_321:0001218",7379.56,"Saginaw Valley Research and Extension Center, MI","23_Big6_SVREC","Michigan State University"
10020,2023,1332788,"NY12302-2-14-08-1442",1454956,"23_Big6_SVREC_540341",1,1,120,7,65,"Grain yield - kg/ha|CO_321:0001218",6669.5,"Saginaw Valley Research and Extension Center, MI","23_Big6_SVREC","Michigan State University"
10020,2023,1334621,"NY15158-01-01-10-1873",1455061,"23_Big6_SVREC_540324",1,1,162,10,66,"Grain yield - kg/ha|CO_321:0001218",6921.33,"Saginaw Valley Research and Extension Center, MI","23_Big6_SVREC","Michigan State University"
10020,2023,1332843,"NY12351-1-14-20-1484",1455213,"23_Big6_SVREC_540336",1,1,172,10,76,"Grain yield - kg/ha|CO_321:0001218",7178.4,"Saginaw Valley Research and Extension Center, MI","23_Big6_SVREC","Michigan State University"
10020,2023,1332911,"NY12007-2-4-13-1381",1455334,"23_Big6_SVREC_540317",1,1,174,10,78,"Grain yield - kg/ha|CO_321:0001218",7044.71,"Saginaw Valley Research and Extension Center, MI","23_Big6_SVREC","Michigan State University"
10020,2023,1334649,"NY15116-01-06-01-1804",1455227,"23_Big6_SVREC_540343",1,1,180,10,84,"Grain yield - kg/ha|CO_321:0001218",7368.48,"Saginaw Valley Research and Extension Center, MI","23_Big6_SVREC","Michigan State University"
10020,2023,1332843,"NY12351-1-14-20-1484",1455091,"23_Big6_SVREC_540335",2,1,254,14,78,"Grain yield - kg/ha|CO_321:0001218",7722.98,"Saginaw Valley Research and Extension Center, MI","23_Big6_SVREC","Michigan State University"
10020,2023,1332907,"NY12302-2-14-01-1441",1454998,"23_Big6_SVREC_540338",2,1,257,14,81,"Grain yield - kg/ha|CO_321:0001218",7619.21,"Saginaw Valley Research and Extension Center, MI","23_Big6_SVREC","Michigan State University"
10020,2023,1332788,"NY12302-2-14-08-1442",1455280,"23_Big6_SVREC_540342",2,1,279,15,66,"Grain yield - kg/ha|CO_321:0001218",7296.81,"Saginaw Valley Research and Extension Center, MI","23_Big6_SVREC","Michigan State University"
10020,2023,1334621,"NY15158-01-01-10-1873",1455293,"23_Big6_SVREC_540323",2,1,318,17,67,"Grain yield - kg/ha|CO_321:0001218",6582.18,"Saginaw Valley Research and Extension Center, MI","23_Big6_SVREC","Michigan State University"
10020,2023,1334649,"NY15116-01-06-01-1804",1455120,"23_Big6_SVREC_540344",2,1,326,18,70,"Grain yield - kg/ha|CO_321:0001218",6668.76,"Saginaw Valley Research and Extension Center, MI","23_Big6_SVREC","Michigan State University"
10020,2023,1332911,"NY12007-2-4-13-1381",1455046,"23_Big6_SVREC_540318",2,1,415,22,79,"Grain yield - kg/ha|CO_321:0001218",5951.8,"Saginaw Valley Research and Extension Center, MI","23_Big6_SVREC","Michigan State University"
10027,2024,1332932,"NY12512-1-6-17-1544",1456738,"24_Big6_SVREC_609803",1,1,1014,13,36,"Grain yield - kg/ha|CO_321:0001218",6202.68,"Saginaw Valley Research and Extension Center, MI","24_Big6_SVREC","Michigan State University"
10027,2024,1334621,"NY15158-01-01-10-1873",1456992,"24_Big6_SVREC_609797",1,1,1019,13,41,"Grain yield - kg/ha|CO_321:0001218",6655.18,"Saginaw Valley Research and Extension Center, MI","24_Big6_SVREC","Michigan State University"
10027,2024,1334391,"NY12428-1-12-01-01-1765",1456936,"24_Big6_SVREC_609801",1,1,1094,17,24,"Grain yield - kg/ha|CO_321:0001218",5734.64,"Saginaw Valley Research and Extension Center, MI","24_Big6_SVREC","Michigan State University"
10027,2024,1380527,"NY16068-01-11-1909",1456806,"24_Big6_SVREC_609813",1,1,1166,20,41,"Grain yield - kg/ha|CO_321:0001218",5925.42,"Saginaw Valley Research and Extension Center, MI","24_Big6_SVREC","Michigan State University"
10027,2024,1334710,"NY15148-01-01-10-1860",1457075,"24_Big6_SVREC_609805",1,1,1175,20,32,"Grain yield - kg/ha|CO_321:0001218",6550.32,"Saginaw Valley Research and Extension Center, MI","24_Big6_SVREC","Michigan State University"
10027,2024,1332907,"NY12302-2-14-01-1441",1457141,"24_Big6_SVREC_609775",1,1,1178,20,29,"Grain yield - kg/ha|CO_321:0001218",5909.29,"Saginaw Valley Research and Extension Center, MI","24_Big6_SVREC","Michigan State University"
10027,2024,1334600,"NY15141-01-02-01-1830",1457050,"24_Big6_SVREC_609807",1,1,1200,21,38,"Grain yield - kg/ha|CO_321:0001218",6400.46,"Saginaw Valley Research and Extension Center, MI","24_Big6_SVREC","Michigan State University"
10027,2024,1332843,"NY12351-1-14-20-1484",1456752,"24_Big6_SVREC_609783",1,1,1210,22,43,"Grain yield - kg/ha|CO_321:0001218",5522.33,"Saginaw Valley Research and Extension Center, MI","24_Big6_SVREC","Michigan State University"
10027,2024,1380534,"NY16058-01-06-1900",1456874,"24_Big6_SVREC_609811",1,1,1217,22,36,"Grain yield - kg/ha|CO_321:0001218",5947.32,"Saginaw Valley Research and Extension Center, MI","24_Big6_SVREC","Michigan State University"
10027,2024,1380534,"NY16058-01-06-1900",1456878,"24_Big6_SVREC_609812",2,1,2002,23,24,"Grain yield - kg/ha|CO_321:0001218",6431.56,"Saginaw Valley Research and Extension Center, MI","24_Big6_SVREC","Michigan State University"
10027,2024,1332932,"NY12512-1-6-17-1544",1456765,"24_Big6_SVREC_609804",2,1,2041,24,28,"Grain yield - kg/ha|CO_321:0001218",5701.09,"Saginaw Valley Research and Extension Center, MI","24_Big6_SVREC","Michigan State University"
10027,2024,1334710,"NY15148-01-01-10-1860",1456803,"24_Big6_SVREC_609806",2,1,2100,27,30,"Grain yield - kg/ha|CO_321:0001218",5964.45,"Saginaw Valley Research and Extension Center, MI","24_Big6_SVREC","Michigan State University"
10027,2024,1334621,"NY15158-01-01-10-1873",1456892,"24_Big6_SVREC_609798",2,1,2130,28,31,"Grain yield - kg/ha|CO_321:0001218",6208.57,"Saginaw Valley Research and Extension Center, MI","24_Big6_SVREC","Michigan State University"
10027,2024,1380527,"NY16068-01-11-1909",1457060,"24_Big6_SVREC_609814",2,1,2156,29,40,"Grain yield - kg/ha|CO_321:0001218",5940.4,"Saginaw Valley Research and Extension Center, MI","24_Big6_SVREC","Michigan State University"
10027,2024,1332843,"NY12351-1-14-20-1484",1457156,"24_Big6_SVREC_609784",2,1,2158,29,42,"Grain yield - kg/ha|CO_321:0001218",6348.78,"Saginaw Valley Research and Extension Center, MI","24_Big6_SVREC","Michigan State University"
10027,2024,1334600,"NY15141-01-02-01-1830",1456942,"24_Big6_SVREC_609808",2,1,2168,30,39,"Grain yield - kg/ha|CO_321:0001218",6439.04,"Saginaw Valley Research and Extension Center, MI","24_Big6_SVREC","Michigan State University"
10027,2024,1334391,"NY12428-1-12-01-01-1765",1456927,"24_Big6_SVREC_609802",2,1,2213,32,40,"Grain yield - kg/ha|CO_321:0001218",5427.31,"Saginaw Valley Research and Extension Center, MI","24_Big6_SVREC","Michigan State University"
10027,2024,1332907,"NY12302-2-14-01-1441",1456743,"24_Big6_SVREC_609776",2,1,2226,32,27,"Grain yield - kg/ha|CO_321:0001218",5866.8,"Saginaw Valley Research and Extension Center, MI","24_Big6_SVREC","Michigan State University"
10033,2023,1332907,"NY12302-2-14-01-1441",1458166,"23_Big6_MAS_539855",1,1,102,17,87,"Grain yield - kg/ha|CO_321:0001218",5934.58,"Mason, MI","23_Big6_MAS","Michigan State University"
10033,2023,1332843,"NY12351-1-14-20-1484",1458251,"23_Big6_MAS_539852",1,1,119,17,70,"Grain yield - kg/ha|CO_321:0001218",6892.24,"Mason, MI","23_Big6_MAS","Michigan State University"
10033,2023,1334649,"NY15116-01-06-01-1804",1457898,"23_Big6_MAS_539860",1,1,145,19,84,"Grain yield - kg/ha|CO_321:0001218",5247.66,"Mason, MI","23_Big6_MAS","Michigan State University"
10033,2023,1332907,"NY12302-2-14-01-1441",1457934,"23_Big6_MAS_539854",2,1,242,24,70,"Grain yield - kg/ha|CO_321:0001218",6889.7,"Mason, MI","23_Big6_MAS","Michigan State University"
10033,2023,1332788,"NY12302-2-14-08-1442",1457967,"23_Big6_MAS_539859",2,1,275,25,74,"Grain yield - kg/ha|CO_321:0001218",5811.71,"Mason, MI","23_Big6_MAS","Michigan State University"
10033,2023,1334649,"NY15116-01-06-01-1804",1457977,"23_Big6_MAS_539861",2,1,318,27,71,"Grain yield - kg/ha|CO_321:0001218",5175.16,"Mason, MI","23_Big6_MAS","Michigan State University"
10033,2023,1334621,"NY15158-01-01-10-1873",1458220,"23_Big6_MAS_539841",2,1,382,31,87,"Grain yield - kg/ha|CO_321:0001218",6520.03,"Mason, MI","23_Big6_MAS","Michigan State University"
10033,2023,1332911,"NY12007-2-4-13-1381",1457843,"23_Big6_MAS_539835",2,1,390,31,79,"Grain yield - kg/ha|CO_321:0001218",6285.37,"Mason, MI","23_Big6_MAS","Michigan State University"
10033,2023,1332788,"NY12302-2-14-08-1442",1458108,"23_Big6_MAS_539858",1,1,43,14,71,"Grain yield - kg/ha|CO_321:0001218",6060.04,"Mason, MI","23_Big6_MAS","Michigan State University"
10033,2023,1332843,"NY12351-1-14-20-1484",1457882,"23_Big6_MAS_539853",2,1,475,35,74,"Grain yield - kg/ha|CO_321:0001218",6054.4,"Mason, MI","23_Big6_MAS","Michigan State University"
10033,2023,1334621,"NY15158-01-01-10-1873",1458096,"23_Big6_MAS_539840",1,1,65,15,84,"Grain yield - kg/ha|CO_321:0001218",4947.32,"Mason, MI","23_Big6_MAS","Michigan State University"
10033,2023,1332911,"NY12007-2-4-13-1381",1458118,"23_Big6_MAS_539834",1,1,7,12,75,"Grain yield - kg/ha|CO_321:0001218",4528.77,"Mason, MI","23_Big6_MAS","Michigan State University"
10262,2025,1334710,"NY15148-01-01-10-1860",1475991,"25_Big6_MASON_MASMI_675114",1,1,1002,2,2,"Grain yield - kg/ha|CO_321:0001218",5504.14216140483,"Mason, MI","25_Big6_MASON_MASMI","Michigan State University"
10262,2025,1334592,"NY15083-02-01-09-1786",1475847,"25_Big6_MASON_MASMI_675118",1,1,1006,2,6,"Grain yield - kg/ha|CO_321:0001218",6114.65574901741,"Mason, MI","25_Big6_MASON_MASMI","Michigan State University"
10262,2025,1334728,"NY15150-01-01-05-1868",1476021,"25_Big6_MASON_MASMI_675127",1,1,1009,2,9,"Grain yield - kg/ha|CO_321:0001218",5779.85160268891,"Mason, MI","25_Big6_MASON_MASMI","Michigan State University"
10262,2025,1334553,"NY15201-01-01-01-1898",1476128,"25_Big6_MASON_MASMI_675121",1,1,1018,2,18,"Grain yield - kg/ha|CO_321:0001218",5496.12740675697,"Mason, MI","25_Big6_MASON_MASMI","Michigan State University"
10262,2025,1380519,"NY16061-01-10-1904",1476093,"25_Big6_MASON_MASMI_675130",1,1,1021,3,20,"Grain yield - kg/ha|CO_321:0001218",6020.92451038918,"Mason, MI","25_Big6_MASON_MASMI","Michigan State University"
10262,2025,1334621,"NY15158-01-01-10-1873",1475828,"25_Big6_MASON_MASMI_675110",1,1,1076,5,5,"Grain yield - kg/ha|CO_321:0001218",4589.89571220773,"Mason, MI","25_Big6_MASON_MASMI","Michigan State University"
10262,2025,1334443,"NY15145-01-01-11-1850",1476201,"25_Big6_MASON_MASMI_675120",1,1,1078,5,3,"Grain yield - kg/ha|CO_321:0001218",4939.98621569909,"Mason, MI","25_Big6_MASON_MASMI","Michigan State University"
10262,2025,1332932,"NY12512-1-6-17-1544",1475887,"25_Big6_MASON_MASMI_675112",1,1,1120,7,1,"Grain yield - kg/ha|CO_321:0001218",5169.17809626294,"Mason, MI","25_Big6_MASON_MASMI","Michigan State University"
10262,2025,1332840,"NY12513-1-16-06-1545",1476033,"25_Big6_MASON_MASMI_675132",1,1,1157,9,4,"Grain yield - kg/ha|CO_321:0001218",5048.12896151103,"Mason, MI","25_Big6_MASON_MASMI","Michigan State University"
10262,2025,1332843,"NY12351-1-14-20-1484",1475985,"25_Big6_MASON_MASMI_675100",1,1,1222,13,19,"Grain yield - kg/ha|CO_321:0001218",6412.87611503427,"Mason, MI","25_Big6_MASON_MASMI","Michigan State University"
10262,2025,1334440,"NY15080-01-01-01-1775",1476113,"25_Big6_MASON_MASMI_675125",1,1,1226,13,15,"Grain yield - kg/ha|CO_321:0001218",5555.29736771357,"Mason, MI","25_Big6_MASON_MASMI","Michigan State University"
10262,2025,1332932,"NY12512-1-6-17-1544",1475990,"25_Big6_MASON_MASMI_675111",2,1,2061,17,20,"Grain yield - kg/ha|CO_321:0001218",4861.96464873979,"Mason, MI","25_Big6_MASON_MASMI","Michigan State University"
10262,2025,1334440,"NY15080-01-01-01-1775",1476058,"25_Big6_MASON_MASMI_675126",2,1,2079,17,2,"Grain yield - kg/ha|CO_321:0001218",5872.21882790876,"Mason, MI","25_Big6_MASON_MASMI","Michigan State University"
10262,2025,1334592,"NY15083-02-01-09-1786",1475795,"25_Big6_MASON_MASMI_675117",2,1,2103,19,18,"Grain yield - kg/ha|CO_321:0001218",5806.59567248218,"Mason, MI","25_Big6_MASON_MASMI","Michigan State University"
10262,2025,1334710,"NY15148-01-01-10-1860",1476038,"25_Big6_MASON_MASMI_675113",2,1,2140,20,20,"Grain yield - kg/ha|CO_321:0001218",5825.18388279222,"Mason, MI","25_Big6_MASON_MASMI","Michigan State University"
10262,2025,1334728,"NY15150-01-01-05-1868",1475995,"25_Big6_MASON_MASMI_675128",2,1,2145,21,16,"Grain yield - kg/ha|CO_321:0001218",7029.73001324856,"Mason, MI","25_Big6_MASON_MASMI","Michigan State University"
10262,2025,1334621,"NY15158-01-01-10-1873",1475892,"25_Big6_MASON_MASMI_675109",2,1,2183,23,18,"Grain yield - kg/ha|CO_321:0001218",6318.71215491097,"Mason, MI","25_Big6_MASON_MASMI","Michigan State University"
10262,2025,1332840,"NY12513-1-16-06-1545",1476178,"25_Big6_MASON_MASMI_675131",2,1,2218,24,18,"Grain yield - kg/ha|CO_321:0001218",6198.22743950047,"Mason, MI","25_Big6_MASON_MASMI","Michigan State University"
10262,2025,1334443,"NY15145-01-01-11-1850",1476219,"25_Big6_MASON_MASMI_675119",2,1,2228,25,13,"Grain yield - kg/ha|CO_321:0001218",4330.3568850547,"Mason, MI","25_Big6_MASON_MASMI","Michigan State University"
10262,2025,1332843,"NY12351-1-14-20-1484",1475975,"25_Big6_MASON_MASMI_675099",2,1,2232,25,9,"Grain yield - kg/ha|CO_321:0001218",5502.71229907328,"Mason, MI","25_Big6_MASON_MASMI","Michigan State University"
10262,2025,1380519,"NY16061-01-10-1904",1476086,"25_Big6_MASON_MASMI_675129",2,1,2239,25,2,"Grain yield - kg/ha|CO_321:0001218",6037.25504333364,"Mason, MI","25_Big6_MASON_MASMI","Michigan State University"
10262,2025,1334553,"NY15201-01-01-01-1898",1476263,"25_Big6_MASON_MASMI_675122",2,1,2240,25,1,"Grain yield - kg/ha|CO_321:0001218",5581.88151869343,"Mason, MI","25_Big6_MASON_MASMI","Michigan State University"
10821,2022,1332788,"NY12302-2-14-08-1442",1610251,"UniformScab_2022_WARVA_116",1,1,116,25,19,"Grain yield - kg/ha|CO_321:0001218",4492.20278565665,"Warsaw, VA","UniformScab_2022_WARVA","Virginia Tech"
10821,2022,1332911,"NY12007-2-4-13-1381",1610181,"UniformScab_2022_WARVA_177",1,1,177,30,15,"Grain yield - kg/ha|CO_321:0001218",4259.33925542904,"Warsaw, VA","UniformScab_2022_WARVA","Virginia Tech"
10821,2022,1332907,"NY12302-2-14-01-1441",1610277,"UniformScab_2022_WARVA_204",2,2,204,31,10,"Grain yield - kg/ha|CO_321:0001218",3770.01853484142,"Warsaw, VA","UniformScab_2022_WARVA","Virginia Tech"
10899,2023,1332907,"NY12302-2-14-01-1441",1630609,"Big6_Fre_23-119",1,1,119,6,4,"Grain yield - kg/ha|CO_321:0001218",5440.5986753064,"Fremont, OH","Big6_Fre_23","University of Illinois"
10899,2023,1334621,"NY15158-01-01-10-1873",1630499,"Big6_Fre_23-123",1,1,123,6,8,"Grain yield - kg/ha|CO_321:0001218",8345.8380173736,"Fremont, OH","Big6_Fre_23","University of Illinois"
10899,2023,1332843,"NY12351-1-14-20-1484",1630291,"Big6_Fre_23-202",1,1,202,9,18,"Grain yield - kg/ha|CO_321:0001218",7444.6758140472,"Fremont, OH","Big6_Fre_23","University of Illinois"
10899,2023,227985,"NY99056-161",1630349,"Big6_Fre_23-205",1,1,205,9,21,"Grain yield - kg/ha|CO_321:0001218",6012.2314162224,"Fremont, OH","Big6_Fre_23","University of Illinois"
10899,2023,1332911,"NY12007-2-4-13-1381",1630689,"Big6_Fre_23-266",1,1,266,12,13,"Grain yield - kg/ha|CO_321:0001218",7384.1499944208,"Fremont, OH","Big6_Fre_23","University of Illinois"
10899,2023,1332911,"NY12007-2-4-13-1381",1630570,"Big6_Fre_23-294",1,2,294,13,18,"Grain yield - kg/ha|CO_321:0001218",7780.9303675272,"Fremont, OH","Big6_Fre_23","University of Illinois"
10899,2023,1334649,"NY15116-01-06-01-1804",1630487,"Big6_Fre_23-299",1,2,299,13,23,"Grain yield - kg/ha|CO_321:0001218",7269.8234462376,"Fremont, OH","Big6_Fre_23","University of Illinois"
10899,2023,1332907,"NY12302-2-14-01-1441",1630376,"Big6_Fre_23-302",1,2,302,14,3,"Grain yield - kg/ha|CO_321:0001218",8218.0612870512,"Fremont, OH","Big6_Fre_23","University of Illinois"
10899,2023,1334649,"NY15116-01-06-01-1804",1630455,"Big6_Fre_23-34",1,1,34,2,11,"Grain yield - kg/ha|CO_321:0001218",6126.5579644056,"Fremont, OH","Big6_Fre_23","University of Illinois"
10899,2023,1334621,"NY15158-01-01-10-1873",1630486,"Big6_Fre_23-340",1,2,340,15,18,"Grain yield - kg/ha|CO_321:0001218",8614.8416601576,"Fremont, OH","Big6_Fre_23","University of Illinois"
10899,2023,1332788,"NY12302-2-14-08-1442",1630483,"Big6_Fre_23-371",1,2,371,17,3,"Grain yield - kg/ha|CO_321:0001218",7256.3732640984,"Fremont, OH","Big6_Fre_23","University of Illinois"
10899,2023,1332843,"NY12351-1-14-20-1484",1630434,"Big6_Fre_23-390",1,2,390,17,22,"Grain yield - kg/ha|CO_321:0001218",8271.862015608,"Fremont, OH","Big6_Fre_23","University of Illinois"
10899,2023,227985,"NY99056-161",1630207,"Big6_Fre_23-445",1,2,445,20,8,"Grain yield - kg/ha|CO_321:0001218",7518.6518158128,"Fremont, OH","Big6_Fre_23","University of Illinois"
10899,2023,1332788,"NY12302-2-14-08-1442",1630218,"Big6_Fre_23-65",1,1,65,3,19,"Grain yield - kg/ha|CO_321:0001218",7189.1223534024,"Fremont, OH","Big6_Fre_23","University of Illinois"
10904,2023,1334621,"NY15158-01-01-10-1873",1631865,"Big6_Vin_23-121",2,3,121,12,1,"Grain yield - kg/ha|CO_321:0001218",3880.3775471592,"Vincennes, IN","Big6_Vin_23","University of Illinois"
10904,2023,1332907,"NY12302-2-14-01-1441",1631876,"Big6_Vin_23-122",2,3,122,13,1,"Grain yield - kg/ha|CO_321:0001218",3053.1913455984,"Vincennes, IN","Big6_Vin_23","University of Illinois"
10904,2023,1334649,"NY15116-01-06-01-1804",1631815,"Big6_Vin_23-124",2,3,124,15,1,"Grain yield - kg/ha|CO_321:0001218",4095.5804613864,"Vincennes, IN","Big6_Vin_23","University of Illinois"
10904,2023,1332843,"NY12351-1-14-20-1484",1631827,"Big6_Vin_23-139",2,3,139,14,5,"Grain yield - kg/ha|CO_321:0001218",4088.8553703168,"Vincennes, IN","Big6_Vin_23","University of Illinois"
10904,2023,227985,"NY99056-161",1631794,"Big6_Vin_23-159",2,3,159,13,10,"Grain yield - kg/ha|CO_321:0001218",2817.8131581624,"Vincennes, IN","Big6_Vin_23","University of Illinois"
10904,2023,1332788,"NY12302-2-14-08-1442",1631803,"Big6_Vin_23-176",2,3,176,12,14,"Grain yield - kg/ha|CO_321:0001218",4794.9899326248,"Vincennes, IN","Big6_Vin_23","University of Illinois"
10904,2023,1332911,"NY12007-2-4-13-1381",1631824,"Big6_Vin_23-53",1,1,53,4,14,"Grain yield - kg/ha|CO_321:0001218",3994.7040953424,"Vincennes, IN","Big6_Vin_23","University of Illinois"
10904,2023,1334621,"NY15158-01-01-10-1873",1631833,"Big6_Vin_23-56",1,1,56,1,14,"Grain yield - kg/ha|CO_321:0001218",4929.4917540168,"Vincennes, IN","Big6_Vin_23","University of Illinois"
10904,2023,227985,"NY99056-161",1631960,"Big6_Vin_23-58",1,1,58,2,15,"Grain yield - kg/ha|CO_321:0001218",2642.9607903528,"Vincennes, IN","Big6_Vin_23","University of Illinois"
10904,2023,1332843,"NY12351-1-14-20-1484",1631944,"Big6_Vin_23-64",1,2,64,10,1,"Grain yield - kg/ha|CO_321:0001218",3362.5455348,"Vincennes, IN","Big6_Vin_23","University of Illinois"
10904,2023,1332907,"NY12302-2-14-01-1441",1631894,"Big6_Vin_23-65",1,2,65,10,2,"Grain yield - kg/ha|CO_321:0001218",4458.7353791448,"Vincennes, IN","Big6_Vin_23","University of Illinois"
10904,2023,1332788,"NY12302-2-14-08-1442",1631860,"Big6_Vin_23-67",1,2,67,8,2,"Grain yield - kg/ha|CO_321:0001218",4761.3644772768,"Vincennes, IN","Big6_Vin_23","University of Illinois"
10904,2023,1334649,"NY15116-01-06-01-1804",1631805,"Big6_Vin_23-68",1,2,68,7,2,"Grain yield - kg/ha|CO_321:0001218",4189.7317363608,"Vincennes, IN","Big6_Vin_23","University of Illinois"
10904,2023,1332911,"NY12007-2-4-13-1381",1631884,"Big6_Vin_23-91",2,2,91,8,8,"Grain yield - kg/ha|CO_321:0001218",4700.8386576504,"Vincennes, IN","Big6_Vin_23","University of Illinois"
10909,2023,1332907,"NY12302-2-14-01-1441",1633416,"Big6_Fra_23-11",1,1,11,75,2,"Grain yield - kg/ha|CO_321:0001218",7379.86,"Frankenmuth, MI","Big6_Fra_23","University of Illinois"
10909,2023,1332788,"NY12302-2-14-08-1442",1633258,"Big6_Fra_23-120",1,1,120,65,7,"Grain yield - kg/ha|CO_321:0001218",6669.77,"Frankenmuth, MI","Big6_Fra_23","University of Illinois"
10909,2023,1334621,"NY15158-01-01-10-1873",1633374,"Big6_Fra_23-162",1,1,162,66,10,"Grain yield - kg/ha|CO_321:0001218",6921.61,"Frankenmuth, MI","Big6_Fra_23","University of Illinois"
10909,2023,1332843,"NY12351-1-14-20-1484",1633394,"Big6_Fra_23-172",1,1,172,76,10,"Grain yield - kg/ha|CO_321:0001218",7178.69,"Frankenmuth, MI","Big6_Fra_23","University of Illinois"
10909,2023,1332911,"NY12007-2-4-13-1381",1633144,"Big6_Fra_23-174",1,1,174,78,10,"Grain yield - kg/ha|CO_321:0001218",7044.99,"Frankenmuth, MI","Big6_Fra_23","University of Illinois"
10909,2023,1334649,"NY15116-01-06-01-1804",1633274,"Big6_Fra_23-180",1,1,180,84,10,"Grain yield - kg/ha|CO_321:0001218",7368.78,"Frankenmuth, MI","Big6_Fra_23","University of Illinois"
10909,2023,227985,"NY99056-161",1632973,"Big6_Fra_23-237",1,1,237,68,13,"Grain yield - kg/ha|CO_321:0001218",6908.1,"Frankenmuth, MI","Big6_Fra_23","University of Illinois"
10909,2023,1332843,"NY12351-1-14-20-1484",1633151,"Big6_Fra_23-254",1,2,254,78,14,"Grain yield - kg/ha|CO_321:0001218",7723.29,"Frankenmuth, MI","Big6_Fra_23","University of Illinois"
10909,2023,1332907,"NY12302-2-14-01-1441",1633327,"Big6_Fra_23-257",1,2,257,81,14,"Grain yield - kg/ha|CO_321:0001218",7619.52,"Frankenmuth, MI","Big6_Fra_23","University of Illinois"
10909,2023,1332788,"NY12302-2-14-08-1442",1633105,"Big6_Fra_23-279",1,2,279,66,15,"Grain yield - kg/ha|CO_321:0001218",7297.11,"Frankenmuth, MI","Big6_Fra_23","University of Illinois"
10909,2023,227985,"NY99056-161",1633339,"Big6_Fra_23-298",1,2,298,82,16,"Grain yield - kg/ha|CO_321:0001218",6957.61,"Frankenmuth, MI","Big6_Fra_23","University of Illinois"
10909,2023,1334621,"NY15158-01-01-10-1873",1633108,"Big6_Fra_23-318",1,2,318,67,17,"Grain yield - kg/ha|CO_321:0001218",6582.45,"Frankenmuth, MI","Big6_Fra_23","University of Illinois"
10909,2023,1334649,"NY15116-01-06-01-1804",1633201,"Big6_Fra_23-326",1,2,326,70,18,"Grain yield - kg/ha|CO_321:0001218",6669.03,"Frankenmuth, MI","Big6_Fra_23","University of Illinois"
10909,2023,1332911,"NY12007-2-4-13-1381",1632982,"Big6_Fra_23-415",1,2,415,79,22,"Grain yield - kg/ha|CO_321:0001218",5952.04,"Frankenmuth, MI","Big6_Fra_23","University of Illinois"
10913,2023,1334621,"NY15158-01-01-10-1873",1634490,"Big6_Woo_23-139",1,1,139,5,27,"Grain yield - kg/ha|CO_321:0001218",7834.731096084,"Wooster, OH","Big6_Woo_23","University of Illinois"
10913,2023,1332788,"NY12302-2-14-08-1442",1634341,"Big6_Woo_23-219",1,1,219,8,23,"Grain yield - kg/ha|CO_321:0001218",7559.0023622304,"Wooster, OH","Big6_Woo_23","University of Illinois"
10913,2023,1332911,"NY12007-2-4-13-1381",1634841,"Big6_Woo_23-236",1,1,236,9,12,"Grain yield - kg/ha|CO_321:0001218",6940.2939838272,"Wooster, OH","Big6_Woo_23","University of Illinois"
10913,2023,1334649,"NY15116-01-06-01-1804",1634366,"Big6_Woo_23-270",1,1,270,10,18,"Grain yield - kg/ha|CO_321:0001218",5985.331051944,"Wooster, OH","Big6_Woo_23","University of Illinois"
10913,2023,1332907,"NY12302-2-14-01-1441",1634536,"Big6_Woo_23-279",1,1,279,10,27,"Grain yield - kg/ha|CO_321:0001218",6994.094712384,"Wooster, OH","Big6_Woo_23","University of Illinois"
10913,2023,227985,"NY99056-161",1634462,"Big6_Woo_23-295",1,2,295,11,15,"Grain yield - kg/ha|CO_321:0001218",5770.1281377168,"Wooster, OH","Big6_Woo_23","University of Illinois"
10913,2023,1332911,"NY12007-2-4-13-1381",1634458,"Big6_Woo_23-382",1,2,382,14,18,"Grain yield - kg/ha|CO_321:0001218",5716.32740916,"Wooster, OH","Big6_Woo_23","University of Illinois"
10913,2023,1334649,"NY15116-01-06-01-1804",1634808,"Big6_Woo_23-411",1,2,411,15,19,"Grain yield - kg/ha|CO_321:0001218",6583.8641571384,"Wooster, OH","Big6_Woo_23","University of Illinois"
10913,2023,1332907,"NY12302-2-14-01-1441",1634784,"Big6_Woo_23-418",1,2,418,15,26,"Grain yield - kg/ha|CO_321:0001218",7585.9027265088,"Wooster, OH","Big6_Woo_23","University of Illinois"
10913,2023,1332788,"NY12302-2-14-08-1442",1634454,"Big6_Woo_23-464",1,2,464,17,16,"Grain yield - kg/ha|CO_321:0001218",6355.211060772,"Wooster, OH","Big6_Woo_23","University of Illinois"
10913,2023,1332843,"NY12351-1-14-20-1484",1634465,"Big6_Woo_23-479",1,2,479,18,3,"Grain yield - kg/ha|CO_321:0001218",6261.0597857976,"Wooster, OH","Big6_Woo_23","University of Illinois"
10913,2023,1334621,"NY15158-01-01-10-1873",1634849,"Big6_Woo_23-560",1,2,560,20,28,"Grain yield - kg/ha|CO_321:0001218",6247.6096036584,"Wooster, OH","Big6_Woo_23","University of Illinois"
10913,2023,227985,"NY99056-161",1634501,"Big6_Woo_23-77",1,1,77,3,21,"Grain yield - kg/ha|CO_321:0001218",6556.96379286,"Wooster, OH","Big6_Woo_23","University of Illinois"
10913,2023,1332843,"NY12351-1-14-20-1484",1634382,"Big6_Woo_23-93",1,1,93,4,9,"Grain yield - kg/ha|CO_321:0001218",7848.1812782232,"Wooster, OH","Big6_Woo_23","University of Illinois"
10916,2023,1332907,"NY12302-2-14-01-1441",1635913,"Big6_Mas_23-102",1,1,102,87,17,"Grain yield - kg/ha|CO_321:0001218",5934.82,"Mason, MI","Big6_Mas_23","University of Illinois"
10916,2023,1332843,"NY12351-1-14-20-1484",1635764,"Big6_Mas_23-119",1,1,119,70,17,"Grain yield - kg/ha|CO_321:0001218",6892.52,"Mason, MI","Big6_Mas_23","University of Illinois"
10916,2023,1334649,"NY15116-01-06-01-1804",1635560,"Big6_Mas_23-145",1,1,145,84,19,"Grain yield - kg/ha|CO_321:0001218",5247.87,"Mason, MI","Big6_Mas_23","University of Illinois"
10916,2023,1332907,"NY12302-2-14-01-1441",1635525,"Big6_Mas_23-242",1,2,242,70,24,"Grain yield - kg/ha|CO_321:0001218",6889.98,"Mason, MI","Big6_Mas_23","University of Illinois"
10916,2023,1332788,"NY12302-2-14-08-1442",1635683,"Big6_Mas_23-275",1,2,275,74,25,"Grain yield - kg/ha|CO_321:0001218",5811.95,"Mason, MI","Big6_Mas_23","University of Illinois"
10916,2023,1334649,"NY15116-01-06-01-1804",1635706,"Big6_Mas_23-318",1,2,318,71,27,"Grain yield - kg/ha|CO_321:0001218",5175.37,"Mason, MI","Big6_Mas_23","University of Illinois"
10916,2023,227985,"NY99056-161",1635521,"Big6_Mas_23-33",1,1,33,76,13,"Grain yield - kg/ha|CO_321:0001218",4620.79,"Mason, MI","Big6_Mas_23","University of Illinois"
10916,2023,227985,"NY99056-161",1635823,"Big6_Mas_23-355",1,2,355,74,29,"Grain yield - kg/ha|CO_321:0001218",5810.09,"Mason, MI","Big6_Mas_23","University of Illinois"
10916,2023,1334621,"NY15158-01-01-10-1873",1635670,"Big6_Mas_23-382",1,2,382,87,31,"Grain yield - kg/ha|CO_321:0001218",6520.3,"Mason, MI","Big6_Mas_23","University of Illinois"
10916,2023,1332911,"NY12007-2-4-13-1381",1635651,"Big6_Mas_23-390",1,2,390,79,31,"Grain yield - kg/ha|CO_321:0001218",6285.63,"Mason, MI","Big6_Mas_23","University of Illinois"
10916,2023,1332788,"NY12302-2-14-08-1442",1635567,"Big6_Mas_23-43",1,1,43,71,14,"Grain yield - kg/ha|CO_321:0001218",6060.29,"Mason, MI","Big6_Mas_23","University of Illinois"
10916,2023,1332843,"NY12351-1-14-20-1484",1635491,"Big6_Mas_23-475",1,2,475,74,35,"Grain yield - kg/ha|CO_321:0001218",6054.65,"Mason, MI","Big6_Mas_23","University of Illinois"
10916,2023,1334621,"NY15158-01-01-10-1873",1635750,"Big6_Mas_23-65",1,1,65,84,15,"Grain yield - kg/ha|CO_321:0001218",4947.52,"Mason, MI","Big6_Mas_23","University of Illinois"
10916,2023,1332911,"NY12007-2-4-13-1381",1635808,"Big6_Mas_23-7",1,1,7,75,12,"Grain yield - kg/ha|CO_321:0001218",4528.95,"Mason, MI","Big6_Mas_23","University of Illinois"
10926,2023,1332788,"NY12302-2-14-08-1442",1638705,"Big6_Prn_23-12",1,1,12,12,1,"Grain yield - kg/ha|CO_321:0001218",5884.4546859,"Princeton, KY","Big6_Prn_23","University of Illinois"
10926,2023,1332907,"NY12302-2-14-01-1441",1638810,"Big6_Prn_23-14",1,1,14,14,1,"Grain yield - kg/ha|CO_321:0001218",6536.11601054424,"Princeton, KY","Big6_Prn_23","University of Illinois"
10926,2023,1332911,"NY12007-2-4-13-1381",1638761,"Big6_Prn_23-19",1,1,19,19,1,"Grain yield - kg/ha|CO_321:0001218",6454.74240860208,"Princeton, KY","Big6_Prn_23","University of Illinois"
10926,2023,1334621,"NY15158-01-01-10-1873",1638811,"Big6_Prn_23-207",1,1,207,17,11,"Grain yield - kg/ha|CO_321:0001218",7530.75697973808,"Princeton, KY","Big6_Prn_23","University of Illinois"
10926,2023,227985,"NY99056-161",1638636,"Big6_Prn_23-21",1,1,21,18,2,"Grain yield - kg/ha|CO_321:0001218",6703.57077817728,"Princeton, KY","Big6_Prn_23","University of Illinois"
10926,2023,1334621,"NY15158-01-01-10-1873",1638827,"Big6_Prn_23-245",2,2,245,17,13,"Grain yield - kg/ha|CO_321:0001218",8466.21714751944,"Princeton, KY","Big6_Prn_23","University of Illinois"
10926,2023,1332788,"NY12302-2-14-08-1442",1638773,"Big6_Prn_23-273",2,2,273,7,15,"Grain yield - kg/ha|CO_321:0001218",6441.29222646288,"Princeton, KY","Big6_Prn_23","University of Illinois"
10926,2023,1332843,"NY12351-1-14-20-1484",1638789,"Big6_Prn_23-275",2,2,275,9,15,"Grain yield - kg/ha|CO_321:0001218",6837.40009046232,"Princeton, KY","Big6_Prn_23","University of Illinois"
10926,2023,1332907,"NY12302-2-14-01-1441",1638692,"Big6_Prn_23-351",2,2,351,9,19,"Grain yield - kg/ha|CO_321:0001218",5628.9012252552,"Princeton, KY","Big6_Prn_23","University of Illinois"
10926,2023,1334649,"NY15116-01-06-01-1804",1638989,"Big6_Prn_23-354",2,2,354,12,19,"Grain yield - kg/ha|CO_321:0001218",6404.30422558008,"Princeton, KY","Big6_Prn_23","University of Illinois"
10926,2023,1332911,"NY12007-2-4-13-1381",1638797,"Big6_Prn_23-373",2,2,373,8,20,"Grain yield - kg/ha|CO_321:0001218",7279.911082842,"Princeton, KY","Big6_Prn_23","University of Illinois"
10926,2023,227985,"NY99056-161",1638977,"Big6_Prn_23-407",2,2,407,12,22,"Grain yield - kg/ha|CO_321:0001218",7690.1416380876,"Princeton, KY","Big6_Prn_23","University of Illinois"
10926,2023,1334649,"NY15116-01-06-01-1804",1638884,"Big6_Prn_23-89",1,1,89,13,5,"Grain yield - kg/ha|CO_321:0001218",6655.15012247616,"Princeton, KY","Big6_Prn_23","University of Illinois"
10926,2023,1332843,"NY12351-1-14-20-1484",1638646,"Big6_Prn_23-91",1,1,91,15,5,"Grain yield - kg/ha|CO_321:0001218",8046.5714647764,"Princeton, KY","Big6_Prn_23","University of Illinois"
10931,2023,1332911,"NY12007-2-4-13-1381",1640077,"Big6_Urb_23-166",1,1,166,46,13,"Grain yield - kg/ha|CO_321:0001218",6620.45,"Urbana, IL","Big6_Urb_23","University of Illinois"
10931,2023,227985,"NY99056-161",1639918,"Big6_Urb_23-172",1,1,172,47,14,"Grain yield - kg/ha|CO_321:0001218",6001.53,"Urbana, IL","Big6_Urb_23","University of Illinois"
10931,2023,1332788,"NY12302-2-14-08-1442",1639792,"Big6_Urb_23-174",1,1,174,49,14,"Grain yield - kg/ha|CO_321:0001218",6201.16,"Urbana, IL","Big6_Urb_23","University of Illinois"
10931,2023,1334621,"NY15158-01-01-10-1873",1640157,"Big6_Urb_23-261",2,4,261,52,20,"Grain yield - kg/ha|CO_321:0001218",7095.58,"Urbana, IL","Big6_Urb_23","University of Illinois"
10931,2023,1332907,"NY12302-2-14-01-1441",1639960,"Big6_Urb_23-31",1,1,31,46,4,"Grain yield - kg/ha|CO_321:0001218",6973.16,"Urbana, IL","Big6_Urb_23","University of Illinois"
10931,2023,1332843,"NY12351-1-14-20-1484",1640094,"Big6_Urb_23-322",2,4,322,57,24,"Grain yield - kg/ha|CO_321:0001218",7456.98,"Urbana, IL","Big6_Urb_23","University of Illinois"
10931,2023,1332907,"NY12302-2-14-01-1441",1640092,"Big6_Urb_23-336",2,3,336,44,25,"Grain yield - kg/ha|CO_321:0001218",5815.14,"Urbana, IL","Big6_Urb_23","University of Illinois"
10931,2023,1334649,"NY15116-01-06-01-1804",1639910,"Big6_Urb_23-351",2,4,351,57,27,"Grain yield - kg/ha|CO_321:0001218",7250.57,"Urbana, IL","Big6_Urb_23","University of Illinois"
10931,2023,1332911,"NY12007-2-4-13-1381",1640099,"Big6_Urb_23-369",2,3,369,48,28,"Grain yield - kg/ha|CO_321:0001218",7048.07,"Urbana, IL","Big6_Urb_23","University of Illinois"
10931,2023,1332788,"NY12302-2-14-08-1442",1639947,"Big6_Urb_23-382",2,4,382,54,29,"Grain yield - kg/ha|CO_321:0001218",7011.44,"Urbana, IL","Big6_Urb_23","University of Illinois"
10931,2023,227985,"NY99056-161",1639975,"Big6_Urb_23-398",2,3,398,49,30,"Grain yield - kg/ha|CO_321:0001218",6431.56,"Urbana, IL","Big6_Urb_23","University of Illinois"
10931,2023,1334649,"NY15116-01-06-01-1804",1639901,"Big6_Urb_23-60",1,1,60,47,6,"Grain yield - kg/ha|CO_321:0001218",7779.25,"Urbana, IL","Big6_Urb_23","University of Illinois"
10931,2023,1334621,"NY15158-01-01-10-1873",1640222,"Big6_Urb_23-79",1,1,79,49,7,"Grain yield - kg/ha|CO_321:0001218",7344.68,"Urbana, IL","Big6_Urb_23","University of Illinois"
10931,2023,1332843,"NY12351-1-14-20-1484",1640033,"Big6_Urb_23-94",1,2,94,53,8,"Grain yield - kg/ha|CO_321:0001218",7193.67,"Urbana, IL","Big6_Urb_23","University of Illinois"
10933,2023,1332907,"NY12302-2-14-01-1441",1640451,"Big6_Ith_23-9001",1,1,9001,2,1,"Grain yield - kg/ha|CO_321:0001218",5242.0318776,"Ithaca, NY","Big6_Ith_23","University of Illinois"
10933,2023,1332788,"NY12302-2-14-08-1442",1640513,"Big6_Ith_23-9013",1,1,9013,14,1,"Grain yield - kg/ha|CO_321:0001218",4596.3443736,"Ithaca, NY","Big6_Ith_23","University of Illinois"
10933,2023,1332911,"NY12007-2-4-13-1381",1640538,"Big6_Ith_23-9050",1,1,9050,11,3,"Grain yield - kg/ha|CO_321:0001218",3607.7712552,"Ithaca, NY","Big6_Ith_23","University of Illinois"
10933,2023,1334649,"NY15116-01-06-01-1804",1640615,"Big6_Ith_23-9054",1,1,9054,15,3,"Grain yield - kg/ha|CO_321:0001218",4269.5599338,"Ithaca, NY","Big6_Ith_23","University of Illinois"
10933,2023,227985,"NY99056-161",1640547,"Big6_Ith_23-9064",1,1,9064,18,4,"Grain yield - kg/ha|CO_321:0001218",4140.1652418,"Ithaca, NY","Big6_Ith_23","University of Illinois"
10933,2023,1334621,"NY15158-01-01-10-1873",1640580,"Big6_Ith_23-9067",1,1,9067,15,4,"Grain yield - kg/ha|CO_321:0001218",4843.2365478,"Ithaca, NY","Big6_Ith_23","University of Illinois"
10933,2023,1332843,"NY12351-1-14-20-1484",1640613,"Big6_Ith_23-9120",1,1,9120,2,6,"Grain yield - kg/ha|CO_321:0001218",5847.1392672,"Ithaca, NY","Big6_Ith_23","University of Illinois"
10933,2023,227985,"NY99056-161",1640459,"Big6_Ith_23-9152",2,2,9152,10,8,"Grain yield - kg/ha|CO_321:0001218",4281.7286232,"Ithaca, NY","Big6_Ith_23","University of Illinois"
10933,2023,1332788,"NY12302-2-14-08-1442",1640402,"Big6_Ith_23-9162",2,2,9162,3,9,"Grain yield - kg/ha|CO_321:0001218",3178.319634,"Ithaca, NY","Big6_Ith_23","University of Illinois"
10933,2023,1332911,"NY12007-2-4-13-1381",1640488,"Big6_Ith_23-9191",2,2,9191,11,10,"Grain yield - kg/ha|CO_321:0001218",4142.8961784,"Ithaca, NY","Big6_Ith_23","University of Illinois"
10933,2023,1332843,"NY12351-1-14-20-1484",1640483,"Big6_Ith_23-9195",2,2,9195,7,10,"Grain yield - kg/ha|CO_321:0001218",5560.9479072,"Ithaca, NY","Big6_Ith_23","University of Illinois"
10933,2023,1332907,"NY12302-2-14-01-1441",1640413,"Big6_Ith_23-9204",2,2,9204,5,11,"Grain yield - kg/ha|CO_321:0001218",4755.388554,"Ithaca, NY","Big6_Ith_23","University of Illinois"
10933,2023,1334649,"NY15116-01-06-01-1804",1640537,"Big6_Ith_23-9231",2,2,9231,11,12,"Grain yield - kg/ha|CO_321:0001218",4165.290864,"Ithaca, NY","Big6_Ith_23","University of Illinois"
10933,2023,1334621,"NY15158-01-01-10-1873",1640542,"Big6_Ith_23-9238",2,2,9238,4,12,"Grain yield - kg/ha|CO_321:0001218",5497.6778136,"Ithaca, NY","Big6_Ith_23","University of Illinois"
10938,2023,1332788,"NY12302-2-14-08-1442",1641740,"Big6_Laf_23-10",1,1,10,10,1,"Grain yield - kg/ha|CO_321:0001218",5528.0248592112,"West Lafayette, IN","Big6_Laf_23","University of Illinois"
10938,2023,1332907,"NY12302-2-14-01-1441",1641774,"Big6_Laf_23-103",1,2,103,3,11,"Grain yield - kg/ha|CO_321:0001218",5507.8495860024,"West Lafayette, IN","Big6_Laf_23","University of Illinois"
10938,2023,227985,"NY99056-161",1641755,"Big6_Laf_23-112",1,2,112,2,12,"Grain yield - kg/ha|CO_321:0001218",3133.8924384336,"West Lafayette, IN","Big6_Laf_23","University of Illinois"
10938,2023,1334621,"NY15158-01-01-10-1873",1641503,"Big6_Laf_23-138",1,2,138,8,14,"Grain yield - kg/ha|CO_321:0001218",3806.4015453936,"West Lafayette, IN","Big6_Laf_23","University of Illinois"
10938,2023,1334649,"NY15116-01-06-01-1804",1641813,"Big6_Laf_23-180",1,3,180,10,18,"Grain yield - kg/ha|CO_321:0001218",5474.2241306544,"West Lafayette, IN","Big6_Laf_23","University of Illinois"
10938,2023,1332911,"NY12007-2-4-13-1381",1641767,"Big6_Laf_23-206",1,3,206,6,21,"Grain yield - kg/ha|CO_321:0001218",4848.7906611816,"West Lafayette, IN","Big6_Laf_23","University of Illinois"
10938,2023,1332788,"NY12302-2-14-08-1442",1641549,"Big6_Laf_23-236",1,3,236,6,24,"Grain yield - kg/ha|CO_321:0001218",5023.6430289912,"West Lafayette, IN","Big6_Laf_23","University of Illinois"
10938,2023,1332843,"NY12351-1-14-20-1484",1641518,"Big6_Laf_23-250",1,4,250,10,25,"Grain yield - kg/ha|CO_321:0001218",3584.4735400968,"West Lafayette, IN","Big6_Laf_23","University of Illinois"
10938,2023,1334621,"NY15158-01-01-10-1873",1641551,"Big6_Laf_23-251",1,4,251,1,26,"Grain yield - kg/ha|CO_321:0001218",3806.4015453936,"West Lafayette, IN","Big6_Laf_23","University of Illinois"
10938,2023,1332911,"NY12007-2-4-13-1381",1641424,"Big6_Laf_23-279",1,4,279,9,28,"Grain yield - kg/ha|CO_321:0001218",5702.8772270208,"West Lafayette, IN","Big6_Laf_23","University of Illinois"
10938,2023,1334649,"NY15116-01-06-01-1804",1641724,"Big6_Laf_23-294",1,4,294,4,30,"Grain yield - kg/ha|CO_321:0001218",5985.331051944,"West Lafayette, IN","Big6_Laf_23","University of Illinois"
10938,2023,1332843,"NY12351-1-14-20-1484",1641597,"Big6_Laf_23-333",1,5,333,3,34,"Grain yield - kg/ha|CO_321:0001218",4196.4568274304,"West Lafayette, IN","Big6_Laf_23","University of Illinois"
10938,2023,1332907,"NY12302-2-14-01-1441",1641547,"Big6_Laf_23-375",1,5,375,5,38,"Grain yield - kg/ha|CO_321:0001218",4398.2095595184,"West Lafayette, IN","Big6_Laf_23","University of Illinois"
10938,2023,227985,"NY99056-161",1641590,"Big6_Laf_23-448",1,6,448,8,45,"Grain yield - kg/ha|CO_321:0001218",3611.3739043752,"West Lafayette, IN","Big6_Laf_23","University of Illinois"
9069,2018,1332796,"NY12348-3-5-21-1482",1333047,"CornellMaster_2018_Helfer-1025",1,1,1025,NA,NA,"Grain yield - kg/ha|CO_321:0001218",6245,"Ithaca, NY - Helfer","CornellMaster_2018_Helfer","Cornell University"
9069,2018,1332933,"NY12003-1-5-19-1374",1333070,"CornellMaster_2018_Helfer-1032",1,1,1032,NA,NA,"Grain yield - kg/ha|CO_321:0001218",6380,"Ithaca, NY - Helfer","CornellMaster_2018_Helfer","Cornell University"
9069,2018,1332823,"NY12322-1-22-08-1468",1333010,"CornellMaster_2018_Helfer-1038",1,1,1038,NA,NA,"Grain yield - kg/ha|CO_321:0001218",6980,"Ithaca, NY - Helfer","CornellMaster_2018_Helfer","Cornell University"
9069,2018,1332877,"NY12344-1-12-21-1480",1332990,"CornellMaster_2018_Helfer-1071",1,1,1071,NA,NA,"Grain yield - kg/ha|CO_321:0001218",6569,"Ithaca, NY - Helfer","CornellMaster_2018_Helfer","Cornell University"
9069,2018,1332871,"NY12353-1-12-18-1485",1333028,"CornellMaster_2018_Helfer-1087",1,1,1087,NA,NA,"Grain yield - kg/ha|CO_321:0001218",6057,"Ithaca, NY - Helfer","CornellMaster_2018_Helfer","Cornell University"
9069,2018,1332798,"NY12296-1-11-08-1423",1333074,"CornellMaster_2018_Helfer-1105",1,1,1105,NA,NA,"Grain yield - kg/ha|CO_321:0001218",6868,"Ithaca, NY - Helfer","CornellMaster_2018_Helfer","Cornell University"
9069,2018,1332881,"NY12306-1-3-03-1446",1333115,"CornellMaster_2018_Helfer-1114",1,1,1114,NA,NA,"Grain yield - kg/ha|CO_321:0001218",6640,"Ithaca, NY - Helfer","CornellMaster_2018_Helfer","Cornell University"
9069,2018,1332840,"NY12513-1-16-06-1545",1333116,"CornellMaster_2018_Helfer-1131",1,1,1131,NA,NA,"Grain yield - kg/ha|CO_321:0001218",6423,"Ithaca, NY - Helfer","CornellMaster_2018_Helfer","Cornell University"
9069,2018,1332843,"NY12351-1-14-20-1484",1333002,"CornellMaster_2018_Helfer-1138",1,1,1138,NA,NA,"Grain yield - kg/ha|CO_321:0001218",6626,"Ithaca, NY - Helfer","CornellMaster_2018_Helfer","Cornell University"
9069,2018,1332788,"NY12302-2-14-08-1442",1333111,"CornellMaster_2018_Helfer-1143",1,1,1143,NA,NA,"Grain yield - kg/ha|CO_321:0001218",7310,"Ithaca, NY - Helfer","CornellMaster_2018_Helfer","Cornell University"
9069,2018,1332818,"NY12353-1-12-19-1486",1333075,"CornellMaster_2018_Helfer-1149",1,1,1149,NA,NA,"Grain yield - kg/ha|CO_321:0001218",7089,"Ithaca, NY - Helfer","CornellMaster_2018_Helfer","Cornell University"
9069,2018,1332932,"NY12512-1-6-17-1544",1333022,"CornellMaster_2018_Helfer-1178",1,1,1178,NA,NA,"Grain yield - kg/ha|CO_321:0001218",6643,"Ithaca, NY - Helfer","CornellMaster_2018_Helfer","Cornell University"
9069,2018,1332891,"NY12508-1-7-06-1534",1333085,"CornellMaster_2018_Helfer-1194",1,1,1194,NA,NA,"Grain yield - kg/ha|CO_321:0001218",6544,"Ithaca, NY - Helfer","CornellMaster_2018_Helfer","Cornell University"
9069,2018,1332910,"NY12397-1-4-13-1512",1333122,"CornellMaster_2018_Helfer-1211",1,1,1211,NA,NA,"Grain yield - kg/ha|CO_321:0001218",6471,"Ithaca, NY - Helfer","CornellMaster_2018_Helfer","Cornell University"
9069,2018,1332907,"NY12302-2-14-01-1441",1333031,"CornellMaster_2018_Helfer-1225",1,1,1225,NA,NA,"Grain yield - kg/ha|CO_321:0001218",7186,"Ithaca, NY - Helfer","CornellMaster_2018_Helfer","Cornell University"
9069,2018,1332880,"NY12300-1-6-15-1437",1333096,"CornellMaster_2018_Helfer-1229",1,1,1229,NA,NA,"Grain yield - kg/ha|CO_321:0001218",7236,"Ithaca, NY - Helfer","CornellMaster_2018_Helfer","Cornell University"
9069,2018,1332911,"NY12007-2-4-13-1381",1332993,"CornellMaster_2018_Helfer-1238",1,1,1238,NA,NA,"Grain yield - kg/ha|CO_321:0001218",6552,"Ithaca, NY - Helfer","CornellMaster_2018_Helfer","Cornell University"
9069,2018,1332939,"OH12-317-57-1413",1333092,"CornellMaster_2018_Helfer-1245",1,1,1245,NA,NA,"Grain yield - kg/ha|CO_321:0001218",6254,"Ithaca, NY - Helfer","CornellMaster_2018_Helfer","Cornell University"
9069,2018,1332914,"NY12006-2-1-1-1377",1333062,"CornellMaster_2018_Helfer-1249",1,1,1249,NA,NA,"Grain yield - kg/ha|CO_321:0001218",6908,"Ithaca, NY - Helfer","CornellMaster_2018_Helfer","Cornell University"
9070,2019,1332840,"NY12513-1-16-06-1545",1333238,"CornellMaster_2019_Ketola-2022",1,1,2022,NA,NA,"Grain yield - kg/ha|CO_321:0001218",4754,"Ithaca, NY - Ketola","CornellMaster_2019_Ketola","Cornell University"
9070,2019,1332891,"NY12508-1-7-06-1534",1333265,"CornellMaster_2019_Ketola-2024",1,1,2024,NA,NA,"Grain yield - kg/ha|CO_321:0001218",4762,"Ithaca, NY - Ketola","CornellMaster_2019_Ketola","Cornell University"
9070,2019,1332933,"NY12003-1-5-19-1374",1333160,"CornellMaster_2019_Ketola-2083",1,1,2083,NA,NA,"Grain yield - kg/ha|CO_321:0001218",3858,"Ithaca, NY - Ketola","CornellMaster_2019_Ketola","Cornell University"
9070,2019,1332871,"NY12353-1-12-18-1485",1333214,"CornellMaster_2019_Ketola-2085",1,1,2085,NA,NA,"Grain yield - kg/ha|CO_321:0001218",4689,"Ithaca, NY - Ketola","CornellMaster_2019_Ketola","Cornell University"
9070,2019,1332798,"NY12296-1-11-08-1423",1333171,"CornellMaster_2019_Ketola-2087",1,1,2087,NA,NA,"Grain yield - kg/ha|CO_321:0001218",4471,"Ithaca, NY - Ketola","CornellMaster_2019_Ketola","Cornell University"
9070,2019,1332787,"NYDD1511-13R-1612",1333271,"CornellMaster_2019_Ketola-2095",1,1,2095,NA,NA,"Grain yield - kg/ha|CO_321:0001218",4841,"Ithaca, NY - Ketola","CornellMaster_2019_Ketola","Cornell University"
9070,2019,1332818,"NY12353-1-12-19-1486",1333262,"CornellMaster_2019_Ketola-2099",1,1,2099,NA,NA,"Grain yield - kg/ha|CO_321:0001218",4833,"Ithaca, NY - Ketola","CornellMaster_2019_Ketola","Cornell University"
9070,2019,1332939,"OH12-317-57-1413",1333241,"CornellMaster_2019_Ketola-2135",1,1,2135,NA,NA,"Grain yield - kg/ha|CO_321:0001218",3499,"Ithaca, NY - Ketola","CornellMaster_2019_Ketola","Cornell University"
9070,2019,1332881,"NY12306-1-3-03-1446",1333224,"CornellMaster_2019_Ketola-2146",1,1,2146,NA,NA,"Grain yield - kg/ha|CO_321:0001218",4848,"Ithaca, NY - Ketola","CornellMaster_2019_Ketola","Cornell University"
9070,2019,1332788,"NY12302-2-14-08-1442",1333232,"CornellMaster_2019_Ketola-2148",1,1,2148,NA,NA,"Grain yield - kg/ha|CO_321:0001218",5018,"Ithaca, NY - Ketola","CornellMaster_2019_Ketola","Cornell University"
9070,2019,1332932,"NY12512-1-6-17-1544",1333196,"CornellMaster_2019_Ketola-2153",1,1,2153,NA,NA,"Grain yield - kg/ha|CO_321:0001218",5163,"Ithaca, NY - Ketola","CornellMaster_2019_Ketola","Cornell University"
9070,2019,1332877,"NY12344-1-12-21-1480",1333176,"CornellMaster_2019_Ketola-2159",1,1,2159,NA,NA,"Grain yield - kg/ha|CO_321:0001218",3836,"Ithaca, NY - Ketola","CornellMaster_2019_Ketola","Cornell University"
9070,2019,1332910,"NY12397-1-4-13-1512",1333256,"CornellMaster_2019_Ketola-2160",1,1,2160,NA,NA,"Grain yield - kg/ha|CO_321:0001218",3849,"Ithaca, NY - Ketola","CornellMaster_2019_Ketola","Cornell University"
9070,2019,1332907,"NY12302-2-14-01-1441",1333217,"CornellMaster_2019_Ketola-2192",1,1,2192,NA,NA,"Grain yield - kg/ha|CO_321:0001218",4463,"Ithaca, NY - Ketola","CornellMaster_2019_Ketola","Cornell University"
9070,2019,1332880,"NY12300-1-6-15-1437",1333178,"CornellMaster_2019_Ketola-2193",1,1,2193,NA,NA,"Grain yield - kg/ha|CO_321:0001218",4631,"Ithaca, NY - Ketola","CornellMaster_2019_Ketola","Cornell University"
9070,2019,1332911,"NY12007-2-4-13-1381",1333187,"CornellMaster_2019_Ketola-2207",1,1,2207,NA,NA,"Grain yield - kg/ha|CO_321:0001218",4645,"Ithaca, NY - Ketola","CornellMaster_2019_Ketola","Cornell University"
9070,2019,1332796,"NY12348-3-5-21-1482",1333263,"CornellMaster_2019_Ketola-2211",1,1,2211,NA,NA,"Grain yield - kg/ha|CO_321:0001218",4615,"Ithaca, NY - Ketola","CornellMaster_2019_Ketola","Cornell University"
9070,2019,1332843,"NY12351-1-14-20-1484",1333268,"CornellMaster_2019_Ketola-2218",1,1,2218,NA,NA,"Grain yield - kg/ha|CO_321:0001218",4379,"Ithaca, NY - Ketola","CornellMaster_2019_Ketola","Cornell University"
9070,2019,1332823,"NY12322-1-22-08-1468",1333182,"CornellMaster_2019_Ketola-2238",1,1,2238,NA,NA,"Grain yield - kg/ha|CO_321:0001218",5352,"Ithaca, NY - Ketola","CornellMaster_2019_Ketola","Cornell University"
9070,2019,1332914,"NY12006-2-1-1-1377",1333156,"CornellMaster_2019_Ketola-2248",1,1,2248,NA,NA,"Grain yield - kg/ha|CO_321:0001218",3938,"Ithaca, NY - Ketola","CornellMaster_2019_Ketola","Cornell University"
9071,2020,1332798,"NY12296-1-11-08-1423",1333354,"CornellMaster_2020_Helfer-3013",1,1,3013,NA,NA,"Grain yield - kg/ha|CO_321:0001218",5554,"Ithaca, NY - Helfer","CornellMaster_2020_Helfer","Cornell University"
9071,2020,1332891,"NY12508-1-7-06-1534",1333333,"CornellMaster_2020_Helfer-3017",1,1,3017,NA,NA,"Grain yield - kg/ha|CO_321:0001218",5875,"Ithaca, NY - Helfer","CornellMaster_2020_Helfer","Cornell University"
9071,2020,1332843,"NY12351-1-14-20-1484",1333325,"CornellMaster_2020_Helfer-3018",1,1,3018,NA,NA,"Grain yield - kg/ha|CO_321:0001218",6396,"Ithaca, NY - Helfer","CornellMaster_2020_Helfer","Cornell University"
9071,2020,1332881,"NY12306-1-3-03-1446",1333307,"CornellMaster_2020_Helfer-3022",1,1,3022,NA,NA,"Grain yield - kg/ha|CO_321:0001218",5549,"Ithaca, NY - Helfer","CornellMaster_2020_Helfer","Cornell University"
9071,2020,1332788,"NY12302-2-14-08-1442",1333379,"CornellMaster_2020_Helfer-3034",1,1,3034,NA,NA,"Grain yield - kg/ha|CO_321:0001218",5836,"Ithaca, NY - Helfer","CornellMaster_2020_Helfer","Cornell University"
9071,2020,1332933,"NY12003-1-5-19-1374",1333349,"CornellMaster_2020_Helfer-3040",1,1,3040,NA,NA,"Grain yield - kg/ha|CO_321:0001218",5700,"Ithaca, NY - Helfer","CornellMaster_2020_Helfer","Cornell University"
9071,2020,1332823,"NY12322-1-22-08-1468",1333371,"CornellMaster_2020_Helfer-3042",1,1,3042,NA,NA,"Grain yield - kg/ha|CO_321:0001218",5420,"Ithaca, NY - Helfer","CornellMaster_2020_Helfer","Cornell University"
9071,2020,1332871,"NY12353-1-12-18-1485",1333301,"CornellMaster_2020_Helfer-3052",1,1,3052,NA,NA,"Grain yield - kg/ha|CO_321:0001218",6048,"Ithaca, NY - Helfer","CornellMaster_2020_Helfer","Cornell University"
9071,2020,1332880,"NY12300-1-6-15-1437",1333288,"CornellMaster_2020_Helfer-3058",1,1,3058,NA,NA,"Grain yield - kg/ha|CO_321:0001218",5557,"Ithaca, NY - Helfer","CornellMaster_2020_Helfer","Cornell University"
9071,2020,1332907,"NY12302-2-14-01-1441",1333297,"CornellMaster_2020_Helfer-3061",1,1,3061,NA,NA,"Grain yield - kg/ha|CO_321:0001218",5964,"Ithaca, NY - Helfer","CornellMaster_2020_Helfer","Cornell University"
9071,2020,1332877,"NY12344-1-12-21-1480",1333323,"CornellMaster_2020_Helfer-3065",1,1,3065,NA,NA,"Grain yield - kg/ha|CO_321:0001218",5552,"Ithaca, NY - Helfer","CornellMaster_2020_Helfer","Cornell University"
9071,2020,1332840,"NY12513-1-16-06-1545",1333319,"CornellMaster_2020_Helfer-3070",1,1,3070,NA,NA,"Grain yield - kg/ha|CO_321:0001218",5550,"Ithaca, NY - Helfer","CornellMaster_2020_Helfer","Cornell University"
9071,2020,1332911,"NY12007-2-4-13-1381",1333346,"CornellMaster_2020_Helfer-3079",1,1,3079,NA,NA,"Grain yield - kg/ha|CO_321:0001218",5800,"Ithaca, NY - Helfer","CornellMaster_2020_Helfer","Cornell University"
9071,2020,1332939,"OH12-317-57-1413",1333382,"CornellMaster_2020_Helfer-3089",1,1,3089,NA,NA,"Grain yield - kg/ha|CO_321:0001218",6039,"Ithaca, NY - Helfer","CornellMaster_2020_Helfer","Cornell University"
9071,2020,1332910,"NY12397-1-4-13-1512",1333375,"CornellMaster_2020_Helfer-3095",1,1,3095,NA,NA,"Grain yield - kg/ha|CO_321:0001218",5997,"Ithaca, NY - Helfer","CornellMaster_2020_Helfer","Cornell University"
9071,2020,1332796,"NY12348-3-5-21-1482",1333358,"CornellMaster_2020_Helfer-3116",1,1,3116,NA,NA,"Grain yield - kg/ha|CO_321:0001218",5636,"Ithaca, NY - Helfer","CornellMaster_2020_Helfer","Cornell University"
9071,2020,1332818,"NY12353-1-12-19-1486",1333336,"CornellMaster_2020_Helfer-3120",1,1,3120,NA,NA,"Grain yield - kg/ha|CO_321:0001218",5228,"Ithaca, NY - Helfer","CornellMaster_2020_Helfer","Cornell University"
9071,2020,1332914,"NY12006-2-1-1-1377",1333372,"CornellMaster_2020_Helfer-3122",1,1,3122,NA,NA,"Grain yield - kg/ha|CO_321:0001218",5681,"Ithaca, NY - Helfer","CornellMaster_2020_Helfer","Cornell University"
9071,2020,1332932,"NY12512-1-6-17-1544",1333339,"CornellMaster_2020_Helfer-3128",1,1,3128,NA,NA,"Grain yield - kg/ha|CO_321:0001218",5789,"Ithaca, NY - Helfer","CornellMaster_2020_Helfer","Cornell University"
9071,2020,1332787,"NYDD1511-13R-1612",1333343,"CornellMaster_2020_Helfer-3131",1,1,3131,NA,NA,"Grain yield - kg/ha|CO_321:0001218",5266,"Ithaca, NY - Helfer","CornellMaster_2020_Helfer","Cornell University"
9072,2018,1332798,"NY12296-1-11-08-1423",1333399,"CornellMaster_2018_Ketola-2001",1,1,2001,NA,NA,"Grain yield - kg/ha|CO_321:0001218",5754,"Ithaca, NY - Ketola","CornellMaster_2018_Ketola","Cornell University"
9072,2018,1332939,"OH12-317-57-1413",1333410,"CornellMaster_2018_Ketola-2003",1,1,2003,NA,NA,"Grain yield - kg/ha|CO_321:0001218",6535,"Ithaca, NY - Ketola","CornellMaster_2018_Ketola","Cornell University"
9072,2018,1332877,"NY12344-1-12-21-1480",1333426,"CornellMaster_2018_Ketola-2010",1,1,2010,NA,NA,"Grain yield - kg/ha|CO_321:0001218",6061,"Ithaca, NY - Ketola","CornellMaster_2018_Ketola","Cornell University"
9072,2018,1332881,"NY12306-1-3-03-1446",1333444,"CornellMaster_2018_Ketola-2014",1,1,2014,NA,NA,"Grain yield - kg/ha|CO_321:0001218",6391,"Ithaca, NY - Ketola","CornellMaster_2018_Ketola","Cornell University"
9072,2018,1332932,"NY12512-1-6-17-1544",1333547,"CornellMaster_2018_Ketola-2023",1,1,2023,NA,NA,"Grain yield - kg/ha|CO_321:0001218",6232,"Ithaca, NY - Ketola","CornellMaster_2018_Ketola","Cornell University"
9072,2018,1332911,"NY12007-2-4-13-1381",1333522,"CornellMaster_2018_Ketola-2042",1,1,2042,NA,NA,"Grain yield - kg/ha|CO_321:0001218",5630,"Ithaca, NY - Ketola","CornellMaster_2018_Ketola","Cornell University"
9072,2018,1332907,"NY12302-2-14-01-1441",1333489,"CornellMaster_2018_Ketola-2050",1,1,2050,NA,NA,"Grain yield - kg/ha|CO_321:0001218",6595,"Ithaca, NY - Ketola","CornellMaster_2018_Ketola","Cornell University"
9072,2018,1332818,"NY12353-1-12-19-1486",1333384,"CornellMaster_2018_Ketola-2061",1,1,2061,NA,NA,"Grain yield - kg/ha|CO_321:0001218",5824,"Ithaca, NY - Ketola","CornellMaster_2018_Ketola","Cornell University"
9072,2018,1332823,"NY12322-1-22-08-1468",1333460,"CornellMaster_2018_Ketola-2069",1,1,2069,NA,NA,"Grain yield - kg/ha|CO_321:0001218",5622,"Ithaca, NY - Ketola","CornellMaster_2018_Ketola","Cornell University"
9072,2018,1332843,"NY12351-1-14-20-1484",1333546,"CornellMaster_2018_Ketola-2073",1,1,2073,NA,NA,"Grain yield - kg/ha|CO_321:0001218",6376,"Ithaca, NY - Ketola","CornellMaster_2018_Ketola","Cornell University"
9072,2018,1332840,"NY12513-1-16-06-1545",1333513,"CornellMaster_2018_Ketola-2093",1,1,2093,NA,NA,"Grain yield - kg/ha|CO_321:0001218",5897,"Ithaca, NY - Ketola","CornellMaster_2018_Ketola","Cornell University"
9072,2018,1332914,"NY12006-2-1-1-1377",1333461,"CornellMaster_2018_Ketola-2097",1,1,2097,NA,NA,"Grain yield - kg/ha|CO_321:0001218",5994,"Ithaca, NY - Ketola","CornellMaster_2018_Ketola","Cornell University"
9072,2018,1332788,"NY12302-2-14-08-1442",1333533,"CornellMaster_2018_Ketola-2126",1,1,2126,NA,NA,"Grain yield - kg/ha|CO_321:0001218",6435,"Ithaca, NY - Ketola","CornellMaster_2018_Ketola","Cornell University"
9072,2018,1332933,"NY12003-1-5-19-1374",1333540,"CornellMaster_2018_Ketola-2128",1,1,2128,NA,NA,"Grain yield - kg/ha|CO_321:0001218",5374,"Ithaca, NY - Ketola","CornellMaster_2018_Ketola","Cornell University"
9072,2018,1332910,"NY12397-1-4-13-1512",1333548,"CornellMaster_2018_Ketola-2169",1,1,2169,NA,NA,"Grain yield - kg/ha|CO_321:0001218",5796,"Ithaca, NY - Ketola","CornellMaster_2018_Ketola","Cornell University"
9072,2018,1332891,"NY12508-1-7-06-1534",1333419,"CornellMaster_2018_Ketola-2196",1,1,2196,NA,NA,"Grain yield - kg/ha|CO_321:0001218",5912,"Ithaca, NY - Ketola","CornellMaster_2018_Ketola","Cornell University"
9072,2018,1332871,"NY12353-1-12-18-1485",1333443,"CornellMaster_2018_Ketola-2206",1,1,2206,NA,NA,"Grain yield - kg/ha|CO_321:0001218",5921,"Ithaca, NY - Ketola","CornellMaster_2018_Ketola","Cornell University"
9072,2018,1332796,"NY12348-3-5-21-1482",1333561,"CornellMaster_2018_Ketola-2216",1,1,2216,NA,NA,"Grain yield - kg/ha|CO_321:0001218",6196,"Ithaca, NY - Ketola","CornellMaster_2018_Ketola","Cornell University"
9072,2018,1332880,"NY12300-1-6-15-1437",1333490,"CornellMaster_2018_Ketola-2245",1,1,2245,NA,NA,"Grain yield - kg/ha|CO_321:0001218",6478,"Ithaca, NY - Ketola","CornellMaster_2018_Ketola","Cornell University"
9091,2021,236746,"ERIE",1335165,"CornellMaster_2021_Snyder-1001",1,1,1001,1,2,"Grain yield - kg/ha|CO_321:0001218",2368,"Ithaca, NY - Snyder","CornellMaster_2021_Snyder","Cornell University"
9091,2021,219168,"MEDINA-264",1335172,"CornellMaster_2021_Snyder-1002",1,1,1002,1,3,"Grain yield - kg/ha|CO_321:0001218",2059,"Ithaca, NY - Snyder","CornellMaster_2021_Snyder","Cornell University"
9091,2021,232490,"NY11013-10-15-1312",1334909,"CornellMaster_2021_Snyder-1003",1,1,1003,1,4,"Grain yield - kg/ha|CO_321:0001218",2158,"Ithaca, NY - Snyder","CornellMaster_2021_Snyder","Cornell University"
9091,2021,1332932,"NY12512-1-6-17-1544",1334936,"CornellMaster_2021_Snyder-1007",1,1,1007,1,8,"Grain yield - kg/ha|CO_321:0001218",2208,"Ithaca, NY - Snyder","CornellMaster_2021_Snyder","Cornell University"
9091,2021,1334636,"NY15083-02-01-07-1785",1335000,"CornellMaster_2021_Snyder-1012",1,1,1012,1,13,"Grain yield - kg/ha|CO_321:0001218",2539,"Ithaca, NY - Snyder","CornellMaster_2021_Snyder","Cornell University"
9091,2021,1334685,"NY15169-01-01-09-1878",1335011,"CornellMaster_2021_Snyder-1014",1,1,1014,1,15,"Grain yield - kg/ha|CO_321:0001218",2357,"Ithaca, NY - Snyder","CornellMaster_2021_Snyder","Cornell University"
9091,2021,1334438,"NY12511-1-5-03-06-1760",1334921,"CornellMaster_2021_Snyder-1018",1,1,1018,1,19,"Grain yield - kg/ha|CO_321:0001218",2053,"Ithaca, NY - Snyder","CornellMaster_2021_Snyder","Cornell University"
9091,2021,1334592,"NY15083-02-01-09-1786",1334994,"CornellMaster_2021_Snyder-1021",1,1,1021,2,21,"Grain yield - kg/ha|CO_321:0001218",2329,"Ithaca, NY - Snyder","CornellMaster_2021_Snyder","Cornell University"
9091,2021,1334659,"NY15086-01-02-01-1787",1335065,"CornellMaster_2021_Snyder-1023",1,1,1023,2,19,"Grain yield - kg/ha|CO_321:0001218",2031,"Ithaca, NY - Snyder","CornellMaster_2021_Snyder","Cornell University"
9091,2021,1334662,"NY15092-01-01-08-1792",1335047,"CornellMaster_2021_Snyder-1024",1,1,1024,2,18,"Grain yield - kg/ha|CO_321:0001218",2382,"Ithaca, NY - Snyder","CornellMaster_2021_Snyder","Cornell University"
9091,2021,1334688,"NY15143-01-01-01-1842",1334983,"CornellMaster_2021_Snyder-1029",1,1,1029,2,13,"Grain yield - kg/ha|CO_321:0001218",2295,"Ithaca, NY - Snyder","CornellMaster_2021_Snyder","Cornell University"
9091,2021,1334391,"NY12428-1-12-01-01-1765",1334950,"CornellMaster_2021_Snyder-1030",1,1,1030,2,12,"Grain yield - kg/ha|CO_321:0001218",2228,"Ithaca, NY - Snyder","CornellMaster_2021_Snyder","Cornell University"
9091,2021,1332840,"NY12513-1-16-06-1545",1334995,"CornellMaster_2021_Snyder-1034",1,1,1034,2,8,"Grain yield - kg/ha|CO_321:0001218",2322,"Ithaca, NY - Snyder","CornellMaster_2021_Snyder","Cornell University"
9091,2021,1332798,"NY12296-1-11-08-1423",1335068,"CornellMaster_2021_Snyder-1037",1,1,1037,2,5,"Grain yield - kg/ha|CO_321:0001218",2277,"Ithaca, NY - Snyder","CornellMaster_2021_Snyder","Cornell University"
9091,2021,1334374,"NY15304-01-01-12-1684",1334876,"CornellMaster_2021_Snyder-1041",1,1,1041,3,2,"Grain yield - kg/ha|CO_321:0001218",2160,"Ithaca, NY - Snyder","CornellMaster_2021_Snyder","Cornell University"
9091,2021,1334520,"NY15325-02-06-10-1751",1334992,"CornellMaster_2021_Snyder-1044",1,1,1044,3,5,"Grain yield - kg/ha|CO_321:0001218",2472,"Ithaca, NY - Snyder","CornellMaster_2021_Snyder","Cornell University"
9091,2021,1332877,"NY12344-1-12-21-1480",1335179,"CornellMaster_2021_Snyder-1045",1,1,1045,3,6,"Grain yield - kg/ha|CO_321:0001218",2295,"Ithaca, NY - Snyder","CornellMaster_2021_Snyder","Cornell University"
9091,2021,1334320,"NY15148-01-01-02-1857",1334933,"CornellMaster_2021_Snyder-1048",1,1,1048,3,9,"Grain yield - kg/ha|CO_321:0001218",2494,"Ithaca, NY - Snyder","CornellMaster_2021_Snyder","Cornell University"
9091,2021,1334434,"NY15134-01-02-10-1828",1334865,"CornellMaster_2021_Snyder-1052",1,1,1052,3,13,"Grain yield - kg/ha|CO_321:0001218",2170,"Ithaca, NY - Snyder","CornellMaster_2021_Snyder","Cornell University"
9091,2021,1334505,"NY15150-01-01-04-1867",1334890,"CornellMaster_2021_Snyder-1054",1,1,1054,3,15,"Grain yield - kg/ha|CO_321:0001218",2601,"Ithaca, NY - Snyder","CornellMaster_2021_Snyder","Cornell University"
9091,2021,1334393,"NY15173-01-01-11-1887",1334914,"CornellMaster_2021_Snyder-1055",1,1,1055,3,16,"Grain yield - kg/ha|CO_321:0001218",2042,"Ithaca, NY - Snyder","CornellMaster_2021_Snyder","Cornell University"
9091,2021,1334525,"NY12468-1-8-04-08-1762",1335121,"CornellMaster_2021_Snyder-1064",1,1,1064,4,18,"Grain yield - kg/ha|CO_321:0001218",2299,"Ithaca, NY - Snyder","CornellMaster_2021_Snyder","Cornell University"
9091,2021,1332911,"NY12007-2-4-13-1381",1335169,"CornellMaster_2021_Snyder-1065",1,1,1065,4,17,"Grain yield - kg/ha|CO_321:0001218",2145,"Ithaca, NY - Snyder","CornellMaster_2021_Snyder","Cornell University"
9091,2021,1334580,"NY15132-01-01-03-1819",1335012,"CornellMaster_2021_Snyder-1067",1,1,1067,4,15,"Grain yield - kg/ha|CO_321:0001218",2287,"Ithaca, NY - Snyder","CornellMaster_2021_Snyder","Cornell University"
9091,2021,1334461,"NY15122-01-02-01-1810",1334997,"CornellMaster_2021_Snyder-1068",1,1,1068,4,14,"Grain yield - kg/ha|CO_321:0001218",2072,"Ithaca, NY - Snyder","CornellMaster_2021_Snyder","Cornell University"
9091,2021,1334604,"NY15175-01-01-04-1890",1334990,"CornellMaster_2021_Snyder-1070",1,1,1070,4,12,"Grain yield - kg/ha|CO_321:0001218",2285,"Ithaca, NY - Snyder","CornellMaster_2021_Snyder","Cornell University"
9091,2021,232490,"NY11013-10-15-1312",1334913,"CornellMaster_2021_Snyder-1075",2,1,1075,4,7,"Grain yield - kg/ha|CO_321:0001218",2022,"Ithaca, NY - Snyder","CornellMaster_2021_Snyder","Cornell University"
9091,2021,1334360,"NY15143-01-01-04-1844",1335093,"CornellMaster_2021_Snyder-1076",1,1,1076,4,6,"Grain yield - kg/ha|CO_321:0001218",2392,"Ithaca, NY - Snyder","CornellMaster_2021_Snyder","Cornell University"
9091,2021,1334440,"NY15080-01-01-01-1775",1335116,"CornellMaster_2021_Snyder-1080",1,1,1080,4,2,"Grain yield - kg/ha|CO_321:0001218",2386,"Ithaca, NY - Snyder","CornellMaster_2021_Snyder","Cornell University"
9091,2021,1334618,"NY15083-02-01-05-1784",1335042,"CornellMaster_2021_Snyder-1084",1,1,1084,5,5,"Grain yield - kg/ha|CO_321:0001218",2385,"Ithaca, NY - Snyder","CornellMaster_2021_Snyder","Cornell University"
9091,2021,1332939,"OH12-317-57-1413",1334904,"CornellMaster_2021_Snyder-1085",1,1,1085,5,6,"Grain yield - kg/ha|CO_321:0001218",2536,"Ithaca, NY - Snyder","CornellMaster_2021_Snyder","Cornell University"
9091,2021,1332881,"NY12306-1-3-03-1446",1334893,"CornellMaster_2021_Snyder-1087",1,1,1087,5,8,"Grain yield - kg/ha|CO_321:0001218",2523,"Ithaca, NY - Snyder","CornellMaster_2021_Snyder","Cornell University"
9091,2021,1332787,"NYDD1511-13R-1612",1335155,"CornellMaster_2021_Snyder-1088",1,1,1088,5,9,"Grain yield - kg/ha|CO_321:0001218",2409,"Ithaca, NY - Snyder","CornellMaster_2021_Snyder","Cornell University"
9091,2021,1334581,"NY12375-1-21-04-09-1763",1334998,"CornellMaster_2021_Snyder-1090",1,1,1090,5,11,"Grain yield - kg/ha|CO_321:0001218",2075,"Ithaca, NY - Snyder","CornellMaster_2021_Snyder","Cornell University"
9091,2021,232490,"NY11013-10-15-1312",1334923,"CornellMaster_2021_Snyder-1103",3,1,1103,6,19,"Grain yield - kg/ha|CO_321:0001218",2093,"Ithaca, NY - Snyder","CornellMaster_2021_Snyder","Cornell University"
9091,2021,1334392,"NY15141-01-02-03-1831",1334880,"CornellMaster_2021_Snyder-1106",1,1,1106,6,16,"Grain yield - kg/ha|CO_321:0001218",2004,"Ithaca, NY - Snyder","CornellMaster_2021_Snyder","Cornell University"
9091,2021,1334509,"NY15201-01-01-05-1899",1335059,"CornellMaster_2021_Snyder-1110",1,1,1110,6,12,"Grain yield - kg/ha|CO_321:0001218",2346,"Ithaca, NY - Snyder","CornellMaster_2021_Snyder","Cornell University"
9091,2021,1332818,"NY12353-1-12-19-1486",1335180,"CornellMaster_2021_Snyder-1111",1,1,1111,6,11,"Grain yield - kg/ha|CO_321:0001218",2174,"Ithaca, NY - Snyder","CornellMaster_2021_Snyder","Cornell University"
9091,2021,1332910,"NY12397-1-4-13-1512",1335148,"CornellMaster_2021_Snyder-1112",1,1,1112,6,10,"Grain yield - kg/ha|CO_321:0001218",2363,"Ithaca, NY - Snyder","CornellMaster_2021_Snyder","Cornell University"
9091,2021,1332891,"NY12508-1-7-06-1534",1335150,"CornellMaster_2021_Snyder-1115",1,1,1115,6,7,"Grain yield - kg/ha|CO_321:0001218",2395,"Ithaca, NY - Snyder","CornellMaster_2021_Snyder","Cornell University"
9091,2021,1334600,"NY15141-01-02-01-1830",1334934,"CornellMaster_2021_Snyder-1123",1,1,1123,7,4,"Grain yield - kg/ha|CO_321:0001218",2226,"Ithaca, NY - Snyder","CornellMaster_2021_Snyder","Cornell University"
9091,2021,1332933,"NY12003-1-5-19-1374",1335110,"CornellMaster_2021_Snyder-1128",1,1,1128,7,9,"Grain yield - kg/ha|CO_321:0001218",2504,"Ithaca, NY - Snyder","CornellMaster_2021_Snyder","Cornell University"
9091,2021,1334443,"NY15145-01-01-11-1850",1335114,"CornellMaster_2021_Snyder-1131",1,1,1131,7,12,"Grain yield - kg/ha|CO_321:0001218",2157,"Ithaca, NY - Snyder","CornellMaster_2021_Snyder","Cornell University"
9091,2021,1334403,"NY15173-01-01-01-1884",1335026,"CornellMaster_2021_Snyder-1133",1,1,1133,7,14,"Grain yield - kg/ha|CO_321:0001218",2111,"Ithaca, NY - Snyder","CornellMaster_2021_Snyder","Cornell University"
9091,2021,1334588,"NY15323-02-01-10-1749",1335037,"CornellMaster_2021_Snyder-1137",1,1,1137,7,18,"Grain yield - kg/ha|CO_321:0001218",1996,"Ithaca, NY - Snyder","CornellMaster_2021_Snyder","Cornell University"
9091,2021,1334649,"NY15116-01-06-01-1804",1335080,"CornellMaster_2021_Snyder-1139",1,1,1139,7,20,"Grain yield - kg/ha|CO_321:0001218",2433,"Ithaca, NY - Snyder","CornellMaster_2021_Snyder","Cornell University"
9091,2021,1334468,"NY15323-02-01-02-1744",1335035,"CornellMaster_2021_Snyder-1144",1,1,1144,8,18,"Grain yield - kg/ha|CO_321:0001218",1966,"Ithaca, NY - Snyder","CornellMaster_2021_Snyder","Cornell University"
9091,2021,1334687,"NY15302-02-05-05-1676",1335134,"CornellMaster_2021_Snyder-1146",1,1,1146,8,16,"Grain yield - kg/ha|CO_321:0001218",2391,"Ithaca, NY - Snyder","CornellMaster_2021_Snyder","Cornell University"
9091,2021,1334623,"NY15169-01-01-03-1877",1334922,"CornellMaster_2021_Snyder-1152",1,1,1152,8,10,"Grain yield - kg/ha|CO_321:0001218",2155,"Ithaca, NY - Snyder","CornellMaster_2021_Snyder","Cornell University"
9091,2021,1334383,"NY15086-01-02-12-1789",1335158,"CornellMaster_2021_Snyder-1155",1,1,1155,8,7,"Grain yield - kg/ha|CO_321:0001218",2280,"Ithaca, NY - Snyder","CornellMaster_2021_Snyder","Cornell University"
9091,2021,219168,"MEDINA-264",1334906,"CornellMaster_2021_Snyder-1157",2,1,1157,8,5,"Grain yield - kg/ha|CO_321:0001218",2269,"Ithaca, NY - Snyder","CornellMaster_2021_Snyder","Cornell University"
9091,2021,1334347,"NY15142-01-01-05-1839",1335141,"CornellMaster_2021_Snyder-1158",1,1,1158,8,4,"Grain yield - kg/ha|CO_321:0001218",2310,"Ithaca, NY - Snyder","CornellMaster_2021_Snyder","Cornell University"
9091,2021,1334624,"NY15116-01-06-07-1805",1334915,"CornellMaster_2021_Snyder-1162",1,1,1162,9,3,"Grain yield - kg/ha|CO_321:0001218",2380,"Ithaca, NY - Snyder","CornellMaster_2021_Snyder","Cornell University"
9091,2021,1332788,"NY12302-2-14-08-1442",1335153,"CornellMaster_2021_Snyder-1167",1,1,1167,9,8,"Grain yield - kg/ha|CO_321:0001218",2317,"Ithaca, NY - Snyder","CornellMaster_2021_Snyder","Cornell University"
9091,2021,1334340,"NY15115-01-01-06-1803",1335017,"CornellMaster_2021_Snyder-1168",1,1,1168,9,9,"Grain yield - kg/ha|CO_321:0001218",2170,"Ithaca, NY - Snyder","CornellMaster_2021_Snyder","Cornell University"
9091,2021,1334466,"NY15101-01-01-04-1798",1335162,"CornellMaster_2021_Snyder-1169",1,1,1169,9,10,"Grain yield - kg/ha|CO_321:0001218",2074,"Ithaca, NY - Snyder","CornellMaster_2021_Snyder","Cornell University"
9091,2021,1334519,"NY15080-01-01-09-1781",1335130,"CornellMaster_2021_Snyder-1172",1,1,1172,9,13,"Grain yield - kg/ha|CO_321:0001218",2372,"Ithaca, NY - Snyder","CornellMaster_2021_Snyder","Cornell University"
9091,2021,1334621,"NY15158-01-01-10-1873",1334987,"CornellMaster_2021_Snyder-1178",1,1,1178,9,19,"Grain yield - kg/ha|CO_321:0001218",2499,"Ithaca, NY - Snyder","CornellMaster_2021_Snyder","Cornell University"
9091,2021,1332796,"NY12348-3-5-21-1482",1334886,"CornellMaster_2021_Snyder-1184",1,1,1184,10,18,"Grain yield - kg/ha|CO_321:0001218",2227,"Ithaca, NY - Snyder","CornellMaster_2021_Snyder","Cornell University"
9091,2021,1332843,"NY12351-1-14-20-1484",1334894,"CornellMaster_2021_Snyder-1185",1,1,1185,10,17,"Grain yield - kg/ha|CO_321:0001218",2606,"Ithaca, NY - Snyder","CornellMaster_2021_Snyder","Cornell University"
9091,2021,1334495,"NY15114-01-01-05-1802",1334871,"CornellMaster_2021_Snyder-1189",1,1,1189,10,13,"Grain yield - kg/ha|CO_321:0001218",2289,"Ithaca, NY - Snyder","CornellMaster_2021_Snyder","Cornell University"
9091,2021,1332871,"NY12353-1-12-18-1485",1334868,"CornellMaster_2021_Snyder-1193",1,1,1193,10,9,"Grain yield - kg/ha|CO_321:0001218",2538,"Ithaca, NY - Snyder","CornellMaster_2021_Snyder","Cornell University"
9091,2021,1334330,"NY15112-01-01-03-1799",1335057,"CornellMaster_2021_Snyder-1198",1,1,1198,10,4,"Grain yield - kg/ha|CO_321:0001218",2493,"Ithaca, NY - Snyder","CornellMaster_2021_Snyder","Cornell University"
9091,2021,1332823,"NY12322-1-22-08-1468",1335132,"CornellMaster_2021_Snyder-1199",1,1,1199,10,3,"Grain yield - kg/ha|CO_321:0001218",2453,"Ithaca, NY - Snyder","CornellMaster_2021_Snyder","Cornell University"
9091,2021,1334550,"NY15080-01-01-07-1779",1335107,"CornellMaster_2021_Snyder-1202",1,1,1202,11,3,"Grain yield - kg/ha|CO_321:0001218",2482,"Ithaca, NY - Snyder","CornellMaster_2021_Snyder","Cornell University"
9091,2021,1332907,"NY12302-2-14-01-1441",1335071,"CornellMaster_2021_Snyder-1210",1,1,1210,11,11,"Grain yield - kg/ha|CO_321:0001218",2486,"Ithaca, NY - Snyder","CornellMaster_2021_Snyder","Cornell University"
9091,2021,1334543,"NY12397-1-4-01-03-1766",1335088,"CornellMaster_2021_Snyder-1211",1,1,1211,11,12,"Grain yield - kg/ha|CO_321:0001218",2265,"Ithaca, NY - Snyder","CornellMaster_2021_Snyder","Cornell University"
9091,2021,1334569,"NY15095-01-02-06-1796",1334920,"CornellMaster_2021_Snyder-1217",1,1,1217,11,18,"Grain yield - kg/ha|CO_321:0001218",2407,"Ithaca, NY - Snyder","CornellMaster_2021_Snyder","Cornell University"
9091,2021,1332880,"NY12300-1-6-15-1437",1335122,"CornellMaster_2021_Snyder-1218",1,1,1218,11,19,"Grain yield - kg/ha|CO_321:0001218",2530,"Ithaca, NY - Snyder","CornellMaster_2021_Snyder","Cornell University"
9091,2021,222957,"HARUS-1261",1334958,"CornellMaster_2021_Snyder-1219",1,1,1219,11,20,"Grain yield - kg/ha|CO_321:0001218",2073,"Ithaca, NY - Snyder","CornellMaster_2021_Snyder","Cornell University"
9091,2021,1334484,"NY15134-01-02-05-1826",1334907,"CornellMaster_2021_Snyder-1220",1,1,1220,11,21,"Grain yield - kg/ha|CO_321:0001218",2348,"Ithaca, NY - Snyder","CornellMaster_2021_Snyder","Cornell University"
9091,2021,236746,"ERIE",1334901,"CornellMaster_2021_Snyder-1221",2,1,1221,12,21,"Grain yield - kg/ha|CO_321:0001218",2632,"Ithaca, NY - Snyder","CornellMaster_2021_Snyder","Cornell University"
9091,2021,1334712,"NY15119-01-01-12-1809",1334945,"CornellMaster_2021_Snyder-1227",1,1,1227,12,15,"Grain yield - kg/ha|CO_321:0001218",2648,"Ithaca, NY - Snyder","CornellMaster_2021_Snyder","Cornell University"
9091,2021,1334534,"NY15150-01-01-11-1869",1335025,"CornellMaster_2021_Snyder-1228",1,1,1228,12,14,"Grain yield - kg/ha|CO_321:0001218",2546,"Ithaca, NY - Snyder","CornellMaster_2021_Snyder","Cornell University"
9091,2021,1334616,"NY12365-1-21-11-06-1761",1334964,"CornellMaster_2021_Snyder-1229",1,1,1229,12,13,"Grain yield - kg/ha|CO_321:0001218",2183,"Ithaca, NY - Snyder","CornellMaster_2021_Snyder","Cornell University"
9091,2021,1334517,"NY15095-01-02-02-1795",1335125,"CornellMaster_2021_Snyder-1233",1,1,1233,12,9,"Grain yield - kg/ha|CO_321:0001218",2563,"Ithaca, NY - Snyder","CornellMaster_2021_Snyder","Cornell University"
9091,2021,1334399,"NY15325-02-06-11-1752",1334960,"CornellMaster_2021_Snyder-1236",1,1,1236,12,6,"Grain yield - kg/ha|CO_321:0001218",2399,"Ithaca, NY - Snyder","CornellMaster_2021_Snyder","Cornell University"
9091,2021,1334500,"NY15080-01-01-12-1782",1334948,"CornellMaster_2021_Snyder-1243",1,1,1243,13,4,"Grain yield - kg/ha|CO_321:0001218",2472,"Ithaca, NY - Snyder","CornellMaster_2021_Snyder","Cornell University"
9091,2021,1334390,"NY15079-01-07-04-1774",1334966,"CornellMaster_2021_Snyder-1252",1,1,1252,13,13,"Grain yield - kg/ha|CO_321:0001218",2255,"Ithaca, NY - Snyder","CornellMaster_2021_Snyder","Cornell University"
9091,2021,1334614,"NY15318-01-03-05-1734",1335099,"CornellMaster_2021_Snyder-1259",1,1,1259,13,20,"Grain yield - kg/ha|CO_321:0001218",1898,"Ithaca, NY - Snyder","CornellMaster_2021_Snyder","Cornell University"
9091,2021,1334682,"NY15122-01-02-05-1812",1335109,"CornellMaster_2021_Snyder-1260",1,1,1260,13,21,"Grain yield - kg/ha|CO_321:0001218",1926,"Ithaca, NY - Snyder","CornellMaster_2021_Snyder","Cornell University"
9091,2021,1334537,"NY15142-01-01-04-1838",1335098,"CornellMaster_2021_Snyder-1270",1,1,1270,14,12,"Grain yield - kg/ha|CO_321:0001218",2417,"Ithaca, NY - Snyder","CornellMaster_2021_Snyder","Cornell University"
9091,2021,1334631,"NY15088-01-01-04-1790",1335131,"CornellMaster_2021_Snyder-1271",1,1,1271,14,11,"Grain yield - kg/ha|CO_321:0001218",2181,"Ithaca, NY - Snyder","CornellMaster_2021_Snyder","Cornell University"
9091,2021,1334342,"NY15314-01-03-12-1723",1335181,"CornellMaster_2021_Snyder-1272",1,1,1272,14,10,"Grain yield - kg/ha|CO_321:0001218",2001,"Ithaca, NY - Snyder","CornellMaster_2021_Snyder","Cornell University"
9091,2021,219168,"MEDINA-264",1335072,"CornellMaster_2021_Snyder-1274",3,1,1274,14,8,"Grain yield - kg/ha|CO_321:0001218",2151,"Ithaca, NY - Snyder","CornellMaster_2021_Snyder","Cornell University"
9091,2021,1332914,"NY12006-2-1-1-1377",1335073,"CornellMaster_2021_Snyder-1275",1,1,1275,14,7,"Grain yield - kg/ha|CO_321:0001218",2055,"Ithaca, NY - Snyder","CornellMaster_2021_Snyder","Cornell University"
9091,2021,1334698,"NY15314-01-03-10-1722",1334984,"CornellMaster_2021_Snyder-1276",1,1,1276,14,6,"Grain yield - kg/ha|CO_321:0001218",2160,"Ithaca, NY - Snyder","CornellMaster_2021_Snyder","Cornell University"
9091,2021,1334553,"NY15201-01-01-01-1898",1335074,"CornellMaster_2021_Snyder-1277",1,1,1277,14,5,"Grain yield - kg/ha|CO_321:0001218",2238,"Ithaca, NY - Snyder","CornellMaster_2021_Snyder","Cornell University"
9091,2021,1334728,"NY15150-01-01-05-1868",1335092,"CornellMaster_2021_Snyder-1287",1,1,1287,15,8,"Grain yield - kg/ha|CO_321:0001218",2435,"Ithaca, NY - Snyder","CornellMaster_2021_Snyder","Cornell University"
9091,2021,1334672,"NY15192-01-01-09-1894",1335147,"CornellMaster_2021_Snyder-1294",1,1,1294,15,15,"Grain yield - kg/ha|CO_321:0001218",2327,"Ithaca, NY - Snyder","CornellMaster_2021_Snyder","Cornell University"
9091,2021,236746,"ERIE",1334866,"CornellMaster_2021_Snyder-1298",3,1,1298,15,19,"Grain yield - kg/ha|CO_321:0001218",2424,"Ithaca, NY - Snyder","CornellMaster_2021_Snyder","Cornell University"
9091,2021,1334518,"NY15078-01-04-05-1773",1334869,"CornellMaster_2021_Snyder-1309",1,1,1309,16,13,"Grain yield - kg/ha|CO_321:0001218",2221,"Ithaca, NY - Snyder","CornellMaster_2021_Snyder","Cornell University"
9091,2021,1334710,"NY15148-01-01-10-1860",1335146,"CornellMaster_2021_Snyder-1310",1,1,1310,16,12,"Grain yield - kg/ha|CO_321:0001218",2623,"Ithaca, NY - Snyder","CornellMaster_2021_Snyder","Cornell University"
9091,2021,236746,"ERIE",1334884,"CornellMaster_2021_Snyder-1313",4,1,1313,16,9,"Grain yield - kg/ha|CO_321:0001218",2453,"Ithaca, NY - Snyder","CornellMaster_2021_Snyder","Cornell University"
9091,2021,219168,"MEDINA-264",1335128,"CornellMaster_2021_Snyder-1314",4,1,1314,16,8,"Grain yield - kg/ha|CO_321:0001218",2256,"Ithaca, NY - Snyder","CornellMaster_2021_Snyder","Cornell University"
9091,2021,232490,"NY11013-10-15-1312",1335062,"CornellMaster_2021_Snyder-1315",4,1,1315,16,7,"Grain yield - kg/ha|CO_321:0001218",2145,"Ithaca, NY - Snyder","CornellMaster_2021_Snyder","Cornell University"
9115,2021,227985,"NY99056-161",1340072,"TP_2021_Mason-294917",1,1,1170,6,35,"Grain yield - kg/ha|CO_321:0001218",3353.232881405,"Mason, MI","TP_2021_Mason","Michigan State University"
9115,2021,227985,"NY99056-161",1340029,"TP_2021_Mason-295097",2,2,2107,9,11,"Grain yield - kg/ha|CO_321:0001218",3305.480168185,"Mason, MI","TP_2021_Mason","Michigan State University"
9116,2021,227985,"NY99056-161",1340367,"TP_2021_Frankenmuth-295673",1,1,1110,5,69,"Grain yield - kg/ha|CO_321:0001218",5518.1353124025,"Saginaw Valley Research and Extension Center, MI","TP_2021_Frankenmuth","Michigan State University"
9116,2021,227985,"NY99056-161",1340432,"TP_2021_Frankenmuth-295853",2,2,2060,8,47,"Grain yield - kg/ha|CO_321:0001218",5736.1521875975,"Saginaw Valley Research and Extension Center, MI","TP_2021_Frankenmuth","Michigan State University"
