"trial","ENV","GID","LOC","YEAR","YLD","Predicted_YLD","standard.error"
"TCAP_2025_MANKS","Manhattan_2025","ALLIANCE","Manhattan",2025,NA,356031.911520408,NA
"TCAP_2025_MANKS","Manhattan_2025","ANTELOPE","Manhattan",2025,NA,356282.776109085,NA
"TCAP_2025_MANKS","Manhattan_2025","BOND_CL","Manhattan",2025,NA,355837.854792429,NA
"TCAP_2025_MANKS","Manhattan_2025","CENTURA","Manhattan",2025,NA,356858.848490883,NA
"TCAP_2025_MANKS","Manhattan_2025","CO04W320","Manhattan",2025,NA,356318.18606888,NA
"TCAP_2025_MANKS","Manhattan_2025","CO13D01383","Manhattan",2025,NA,356165.975144688,NA
"TCAP_2025_MANKS","Manhattan_2025","COLT","Manhattan",2025,NA,356242.861687395,NA
"TCAP_2025_MANKS","Manhattan_2025","CULVER","Manhattan",2025,NA,356090.501181044,NA
"TCAP_2025_MANKS","Manhattan_2025","EXPEDITION","Manhattan",2025,NA,356325.178853739,NA
"TCAP_2025_MANKS","Manhattan_2025","GOODSTREAK","Manhattan",2025,NA,356037.179556327,NA
"TCAP_2025_MANKS","Manhattan_2025","HARRY","Manhattan",2025,NA,355922.14084027,NA
"TCAP_2025_MANKS","Manhattan_2025","JAGALENE","Manhattan",2025,NA,356358.03499842,NA
"TCAP_2025_MANKS","Manhattan_2025","Joe","Manhattan",2025,NA,355870.989117772,NA
"TCAP_2025_MANKS","Manhattan_2025","KanMark","Manhattan",2025,NA,356350.68965764,NA
"TCAP_2025_MANKS","Manhattan_2025","KS061278M-4","Manhattan",2025,NA,356169.259878238,NA
"TCAP_2025_MANKS","Manhattan_2025","KS061406LN~26","Manhattan",2025,NA,356232.684918091,NA
"TCAP_2025_MANKS","Manhattan_2025","KS090387K-20","Manhattan",2025,NA,356004.40974289,NA
"TCAP_2025_MANKS","Manhattan_2025","KS15COGDPOP02-1","Manhattan",2025,NA,357037.293288626,NA
"TCAP_2025_MANKS","Manhattan_2025","KS15COGDPOP02-4","Manhattan",2025,NA,356886.843160199,NA
"TCAP_2025_MANKS","Manhattan_2025","KS15COGDPOP04-1","Manhattan",2025,NA,356507.653322784,NA
"TCAP_2025_MANKS","Manhattan_2025","KS15COGDPOP04-2","Manhattan",2025,NA,356467.862446583,NA
"TCAP_2025_MANKS","Manhattan_2025","KS15COGDPOP08-2","Manhattan",2025,NA,356534.422570936,NA
"TCAP_2025_MANKS","Manhattan_2025","KS15COGDPOP09-2","Manhattan",2025,NA,357031.023418907,NA
"TCAP_2025_MANKS","Manhattan_2025","KS15COGDPOP11-2","Manhattan",2025,NA,356530.828007061,NA
"TCAP_2025_MANKS","Manhattan_2025","KS15COGDPOP19-2","Manhattan",2025,NA,356381.464279013,NA
"TCAP_2025_MANKS","Manhattan_2025","KS15COGDPOP20-1","Manhattan",2025,NA,356476.916340428,NA
"TCAP_2025_MANKS","Manhattan_2025","KS15COGDPOP20-3","Manhattan",2025,NA,356360.740320072,NA
"TCAP_2025_MANKS","Manhattan_2025","KS15COGDPOP59-1","Manhattan",2025,NA,356565.566947541,NA
"TCAP_2025_MANKS","Manhattan_2025","KS15COGDPOP60-4","Manhattan",2025,NA,356446.599825188,NA
"TCAP_2025_MANKS","Manhattan_2025","KS15COGDPOP60-5","Manhattan",2025,NA,356264.671661917,NA
"TCAP_2025_MANKS","Manhattan_2025","KS15COGDPOP61-3","Manhattan",2025,NA,356218.749974252,NA
"TCAP_2025_MANKS","Manhattan_2025","KS15COGDPOP69-1","Manhattan",2025,NA,356304.105229778,NA
"TCAP_2025_MANKS","Manhattan_2025","KS15COGDPOP69-3","Manhattan",2025,NA,356266.836788493,NA
"TCAP_2025_MANKS","Manhattan_2025","KS15COGDPOP69-5","Manhattan",2025,NA,356299.844685187,NA
"TCAP_2025_MANKS","Manhattan_2025","KS15COGDPOP70-1","Manhattan",2025,NA,355864.182866495,NA
"TCAP_2025_MANKS","Manhattan_2025","KS15COGDPOP70-2","Manhattan",2025,NA,355737.855128844,NA
"TCAP_2025_MANKS","Manhattan_2025","KS15RLGDPOP04-1","Manhattan",2025,NA,356530.07343293,NA
"TCAP_2025_MANKS","Manhattan_2025","KS15RLGDPOP06-2","Manhattan",2025,NA,357014.681929923,NA
"TCAP_2025_MANKS","Manhattan_2025","KS15RLGDPOP09-3","Manhattan",2025,NA,356142.597436237,NA
"TCAP_2025_MANKS","Manhattan_2025","KS15RLGDPOP09-4","Manhattan",2025,NA,356300.108102613,NA
"TCAP_2025_MANKS","Manhattan_2025","KS15RLGDPOP11-1","Manhattan",2025,NA,356972.824833612,NA
"TCAP_2025_MANKS","Manhattan_2025","KS15RLGDPOP16-3","Manhattan",2025,NA,356132.036084372,NA
"TCAP_2025_MANKS","Manhattan_2025","KS15RLGDPOP16-4","Manhattan",2025,NA,356174.199038388,NA
"TCAP_2025_MANKS","Manhattan_2025","KS15RLGDPOP23-1","Manhattan",2025,NA,356381.405948835,NA
"TCAP_2025_MANKS","Manhattan_2025","KS15RLGDPOP23-3","Manhattan",2025,NA,356319.915535329,NA
"TCAP_2025_MANKS","Manhattan_2025","KS15RLGDPOP26-5","Manhattan",2025,NA,356351.33371081,NA
"TCAP_2025_MANKS","Manhattan_2025","KS15RLGDPOP27S-2","Manhattan",2025,NA,356380.549948731,NA
"TCAP_2025_MANKS","Manhattan_2025","KS15RLGDPOP29-2","Manhattan",2025,NA,356137.215657459,NA
"TCAP_2025_MANKS","Manhattan_2025","KS15RLGDPOP29-3","Manhattan",2025,NA,356398.592179463,NA
"TCAP_2025_MANKS","Manhattan_2025","KS15RLGDPOP29-4","Manhattan",2025,NA,356371.096582401,NA
"TCAP_2025_MANKS","Manhattan_2025","KS15RLGDPOP30-1","Manhattan",2025,NA,356361.289721596,NA
"TCAP_2025_MANKS","Manhattan_2025","KS15RLGDPOP30-4","Manhattan",2025,NA,356419.378262313,NA
"TCAP_2025_MANKS","Manhattan_2025","KS15RLGDPOP37-1","Manhattan",2025,NA,356366.021603994,NA
"TCAP_2025_MANKS","Manhattan_2025","KS15RLGDPOP37-2","Manhattan",2025,NA,356484.329059491,NA
"TCAP_2025_MANKS","Manhattan_2025","KS15RLGDPOP37-3","Manhattan",2025,NA,356311.078210133,NA
"TCAP_2025_MANKS","Manhattan_2025","KS15RLGDPOP49-1","Manhattan",2025,NA,356091.199955998,NA
"TCAP_2025_MANKS","Manhattan_2025","KS15RLGDPOP49-3","Manhattan",2025,NA,356161.303352407,NA
"TCAP_2025_MANKS","Manhattan_2025","KS15RLGDPOP52-2","Manhattan",2025,NA,356533.053917135,NA
"TCAP_2025_MANKS","Manhattan_2025","KS15RLGDPOP65-2","Manhattan",2025,NA,355771.52318501,NA
"TCAP_2025_MANKS","Manhattan_2025","KS16COGDPOP03-2","Manhattan",2025,NA,356475.528161832,NA
"TCAP_2025_MANKS","Manhattan_2025","KS16COGDPOP14-2","Manhattan",2025,NA,356348.801050938,NA
"TCAP_2025_MANKS","Manhattan_2025","KS16COGDPOP16-1","Manhattan",2025,NA,356312.667884401,NA
"TCAP_2025_MANKS","Manhattan_2025","KS16COGDPOP16-2","Manhattan",2025,NA,356142.239641647,NA
"TCAP_2025_MANKS","Manhattan_2025","KS16COGDPOP16-4","Manhattan",2025,NA,356364.718982617,NA
"TCAP_2025_MANKS","Manhattan_2025","KS16COGDPOP16-5","Manhattan",2025,NA,356029.93172912,NA
"TCAP_2025_MANKS","Manhattan_2025","KS16COGDPOP17-1","Manhattan",2025,NA,356359.259890745,NA
"TCAP_2025_MANKS","Manhattan_2025","KS16COGDPOP42-1","Manhattan",2025,NA,356268.56301915,NA
"TCAP_2025_MANKS","Manhattan_2025","KS16COGDPOP42-3","Manhattan",2025,NA,356532.194157322,NA
"TCAP_2025_MANKS","Manhattan_2025","KS16COGDPOP42-6","Manhattan",2025,NA,356520.082403384,NA
"TCAP_2025_MANKS","Manhattan_2025","KS16COGDPOP51-1","Manhattan",2025,NA,356370.372936876,NA
"TCAP_2025_MANKS","Manhattan_2025","KS16COGDPOP51-3","Manhattan",2025,NA,356170.15805112,NA
"TCAP_2025_MANKS","Manhattan_2025","KS16COGDPOP51-4","Manhattan",2025,NA,356443.791500021,NA
"TCAP_2025_MANKS","Manhattan_2025","KS16COGDPOP51-6","Manhattan",2025,NA,356122.039124405,NA
"TCAP_2025_MANKS","Manhattan_2025","KS16COGDPOP52-1","Manhattan",2025,NA,356376.468949913,NA
"TCAP_2025_MANKS","Manhattan_2025","KS16COGDPOP52-2","Manhattan",2025,NA,356367.24086765,NA
"TCAP_2025_MANKS","Manhattan_2025","KS16COGDPOP52-3","Manhattan",2025,NA,356538.911357611,NA
"TCAP_2025_MANKS","Manhattan_2025","KS16COGDPOP52-4","Manhattan",2025,NA,356373.431183261,NA
"TCAP_2025_MANKS","Manhattan_2025","KS16COGDPOP52-5","Manhattan",2025,NA,356364.475088917,NA
"TCAP_2025_MANKS","Manhattan_2025","KS16COGDPOP71-11","Manhattan",2025,NA,356216.780324634,NA
"TCAP_2025_MANKS","Manhattan_2025","KS16COGDPOP71-3","Manhattan",2025,NA,356317.963196605,NA
"TCAP_2025_MANKS","Manhattan_2025","KS16COGDPOP71-5","Manhattan",2025,NA,356410.184274849,NA
"TCAP_2025_MANKS","Manhattan_2025","KS16COGDPOP71-7","Manhattan",2025,NA,356362.031667302,NA
"TCAP_2025_MANKS","Manhattan_2025","KS16COGDPOP71-8","Manhattan",2025,NA,356274.992254449,NA
"TCAP_2025_MANKS","Manhattan_2025","KS16COGDPOP71-9","Manhattan",2025,NA,356373.668401738,NA
"TCAP_2025_MANKS","Manhattan_2025","KS16COGDPOP72-1","Manhattan",2025,NA,356332.395568181,NA
"TCAP_2025_MANKS","Manhattan_2025","KS16COGDPOP72-5","Manhattan",2025,NA,356144.054270151,NA
"TCAP_2025_MANKS","Manhattan_2025","KS16COGDPOP72-6","Manhattan",2025,NA,356298.199237621,NA
"TCAP_2025_MANKS","Manhattan_2025","KS16COGDPOP73-1","Manhattan",2025,NA,356380.812721823,NA
"TCAP_2025_MANKS","Manhattan_2025","KS16COGDPOP74-2","Manhattan",2025,NA,356231.386292746,NA
"TCAP_2025_MANKS","Manhattan_2025","KS16GD2POP03-2","Manhattan",2025,NA,356189.255966189,NA
"TCAP_2025_MANKS","Manhattan_2025","KS16GD2POP04-1","Manhattan",2025,NA,356293.057262041,NA
"TCAP_2025_MANKS","Manhattan_2025","KS16GD2POP06-1","Manhattan",2025,NA,356183.755461572,NA
"TCAP_2025_MANKS","Manhattan_2025","KS16GD2POP06-2","Manhattan",2025,NA,356192.184133605,NA
"TCAP_2025_MANKS","Manhattan_2025","KS16GD2POP11-1","Manhattan",2025,NA,355991.627941773,NA
"TCAP_2025_MANKS","Manhattan_2025","KS16GD2POP12-11","Manhattan",2025,NA,356346.855381264,NA
"TCAP_2025_MANKS","Manhattan_2025","KS16GD2POP12-13","Manhattan",2025,NA,356389.713489363,NA
"TCAP_2025_MANKS","Manhattan_2025","KS16GD2POP12-16","Manhattan",2025,NA,356011.91645008,NA
"TCAP_2025_MANKS","Manhattan_2025","KS16GD2POP12-2","Manhattan",2025,NA,356079.864900484,NA
"TCAP_2025_MANKS","Manhattan_2025","KS16GD2POP12-8","Manhattan",2025,NA,356355.555400876,NA
"TCAP_2025_MANKS","Manhattan_2025","KS16GD2POP13-2","Manhattan",2025,NA,356460.74727501,NA
"TCAP_2025_MANKS","Manhattan_2025","KS16GD2POP13-3","Manhattan",2025,NA,356277.091761124,NA
"TCAP_2025_MANKS","Manhattan_2025","KS16GD2POP13-4","Manhattan",2025,NA,356359.442339105,NA
"TCAP_2025_MANKS","Manhattan_2025","KS16GD2POP13-6","Manhattan",2025,NA,356439.655648189,NA
"TCAP_2025_MANKS","Manhattan_2025","KS16GD2POP15-1","Manhattan",2025,NA,356506.307734663,NA
"TCAP_2025_MANKS","Manhattan_2025","KS16GD2POP15-2","Manhattan",2025,NA,356432.660830725,NA
"TCAP_2025_MANKS","Manhattan_2025","KS16GD2POP15-3","Manhattan",2025,NA,356408.059267856,NA
"TCAP_2025_MANKS","Manhattan_2025","KS16GD2POP16-3","Manhattan",2025,NA,356454.179418138,NA
"TCAP_2025_MANKS","Manhattan_2025","KS16GD2POP17-2","Manhattan",2025,NA,355996.774849882,NA
"TCAP_2025_MANKS","Manhattan_2025","KS16GD2POP17-3","Manhattan",2025,NA,356042.859515841,NA
"TCAP_2025_MANKS","Manhattan_2025","KS16GD2POP17-5","Manhattan",2025,NA,356315.600039203,NA
"TCAP_2025_MANKS","Manhattan_2025","KS16GD2POP18-3","Manhattan",2025,NA,356181.551750884,NA
"TCAP_2025_MANKS","Manhattan_2025","KS16GD2POP19-1","Manhattan",2025,NA,356034.606786103,NA
"TCAP_2025_MANKS","Manhattan_2025","KS16GD2POP19-3","Manhattan",2025,NA,356495.992215558,NA
"TCAP_2025_MANKS","Manhattan_2025","KS16GD2POP19-4","Manhattan",2025,NA,356316.228439556,NA
"TCAP_2025_MANKS","Manhattan_2025","KS16GD2POP28-1","Manhattan",2025,NA,356485.540469045,NA
"TCAP_2025_MANKS","Manhattan_2025","KS16GD2POP28-3","Manhattan",2025,NA,356391.784752232,NA
"TCAP_2025_MANKS","Manhattan_2025","KS16GD2POP28-6","Manhattan",2025,NA,355908.949116666,NA
"TCAP_2025_MANKS","Manhattan_2025","KS16RLGDPOP13-3","Manhattan",2025,NA,356515.37957457,NA
"TCAP_2025_MANKS","Manhattan_2025","KS16RLGDPOP13-4","Manhattan",2025,NA,356013.379519306,NA
"TCAP_2025_MANKS","Manhattan_2025","KS16RLGDPOP42-1","Manhattan",2025,NA,356188.175474534,NA
"TCAP_2025_MANKS","Manhattan_2025","KS16RLGDPOP42-2","Manhattan",2025,NA,356151.425909464,NA
"TCAP_2025_MANKS","Manhattan_2025","KS16RLGDPOP42-4","Manhattan",2025,NA,356051.445909303,NA
"TCAP_2025_MANKS","Manhattan_2025","KS16RLGDPOP43-1","Manhattan",2025,NA,356410.042887189,NA
"TCAP_2025_MANKS","Manhattan_2025","KS16RLGDPOP43-2","Manhattan",2025,NA,356274.385116583,NA
"TCAP_2025_MANKS","Manhattan_2025","KS16RLGDPOP45-1","Manhattan",2025,NA,356191.904132377,NA
"TCAP_2025_MANKS","Manhattan_2025","KS16RLGDPOP45-3","Manhattan",2025,NA,356274.583773702,NA
"TCAP_2025_MANKS","Manhattan_2025","KS16RLGDPOP46-1","Manhattan",2025,NA,356388.62258525,NA
"TCAP_2025_MANKS","Manhattan_2025","KS16RLGDPOP46-2","Manhattan",2025,NA,356354.127006228,NA
"TCAP_2025_MANKS","Manhattan_2025","KS16RLGDPOP46-3","Manhattan",2025,NA,356407.431620396,NA
"TCAP_2025_MANKS","Manhattan_2025","KS16RLGDPOP46-4","Manhattan",2025,NA,356337.471313667,NA
"TCAP_2025_MANKS","Manhattan_2025","KS16RLGDPOP46-5","Manhattan",2025,NA,356530.505950614,NA
"TCAP_2025_MANKS","Manhattan_2025","KS16RLGDPOP46-7","Manhattan",2025,NA,356394.706328917,NA
"TCAP_2025_MANKS","Manhattan_2025","KS16RLGDPOP47-4","Manhattan",2025,NA,356180.962258204,NA
"TCAP_2025_MANKS","Manhattan_2025","KS16RLGDPOP58-1","Manhattan",2025,NA,356406.077870638,NA
"TCAP_2025_MANKS","Manhattan_2025","KS16RLGDPOP58-2","Manhattan",2025,NA,356445.112590603,NA
"TCAP_2025_MANKS","Manhattan_2025","KS16RLGDPOP61-2","Manhattan",2025,NA,356403.272560175,NA
"TCAP_2025_MANKS","Manhattan_2025","KS16RLGDPOP61-3","Manhattan",2025,NA,356536.213287197,NA
"TCAP_2025_MANKS","Manhattan_2025","LOCKETT","Manhattan",2025,NA,356063.846805627,NA
"TCAP_2025_MANKS","Manhattan_2025","N16MD9051-A02-3","Manhattan",2025,NA,356090.757826632,NA
"TCAP_2025_MANKS","Manhattan_2025","N16MD9177-C09-16","Manhattan",2025,NA,355728.607244295,NA
"TCAP_2025_MANKS","Manhattan_2025","NE10589","Manhattan",2025,NA,355974.912331203,NA
"TCAP_2025_MANKS","Manhattan_2025","NI06736","Manhattan",2025,NA,356144.019237843,NA
"TCAP_2025_MANKS","Manhattan_2025","NUHORIZON","Manhattan",2025,NA,356099.122898395,NA
"TCAP_2025_MANKS","Manhattan_2025","OK04505","Manhattan",2025,NA,356415.22598175,NA
"TCAP_2025_MANKS","Manhattan_2025","OK05122","Manhattan",2025,NA,356418.17907599,NA
"TCAP_2025_MANKS","Manhattan_2025","OK05511","Manhattan",2025,NA,356277.112494173,NA
"TCAP_2025_MANKS","Manhattan_2025","OK05711W","Manhattan",2025,NA,356378.059175789,NA
"TCAP_2025_MANKS","Manhattan_2025","OK05723W","Manhattan",2025,NA,356075.004370542,NA
"TCAP_2025_MANKS","Manhattan_2025","OK06114","Manhattan",2025,NA,356263.172686591,NA
"TCAP_2025_MANKS","Manhattan_2025","OK11D25056","Manhattan",2025,NA,356432.640830775,NA
"TCAP_2025_MANKS","Manhattan_2025","PW_1_27_4_A08","Manhattan",2025,NA,356226.297029137,NA
"TCAP_2025_MANKS","Manhattan_2025","PW_2_22_2_E11","Manhattan",2025,NA,355909.634203232,NA
"TCAP_2025_MANKS","Manhattan_2025","ROBIDOUX","Manhattan",2025,NA,356384.81934202,NA
"TCAP_2025_MANKS","Manhattan_2025","SANDY","Manhattan",2025,NA,356210.796790428,NA
"TCAP_2025_MANKS","Manhattan_2025","SPARTAN","Manhattan",2025,NA,356203.254002294,NA
"TCAP_2025_MANKS","Manhattan_2025","TAM302","Manhattan",2025,NA,355801.213549719,NA
"TCAP_2025_MANKS","Manhattan_2025","TAM304","Manhattan",2025,NA,356169.075625635,NA
"TCAP_2025_MANKS","Manhattan_2025","TAM401","Manhattan",2025,NA,356348.647189286,NA
"TCAP_2025_MANKS","Manhattan_2025","THUNDERBOLT","Manhattan",2025,NA,356673.115761923,NA
"TCAP_2025_MANKS","Manhattan_2025","TX01V5134RC-3","Manhattan",2025,NA,356099.00378126,NA
"TCAP_2025_MANKS","Manhattan_2025","TX02A0252","Manhattan",2025,NA,355992.760232734,NA
"TCAP_2025_MANKS","Manhattan_2025","TX04A001246","Manhattan",2025,NA,356164.482425662,NA
"TCAP_2025_MANKS","Manhattan_2025","TX04M410211","Manhattan",2025,NA,356248.105951118,NA
"TCAP_2025_MANKS","Manhattan_2025","TX06A001386","Manhattan",2025,NA,355909.762599266,NA
"TCAP_2025_MANKS","Manhattan_2025","TX06V7266","Manhattan",2025,NA,356182.272418298,NA
"TCAP_2025_MANKS","Manhattan_2025","TX07A001420","Manhattan",2025,NA,356157.023664734,NA
"TCAP_2025_MANKS","Manhattan_2025","TX99U8618","Manhattan",2025,NA,356302.305301149,NA
"TCAP_2025_MANKS","Manhattan_2025","U7907.11.3","Manhattan",2025,NA,356110.578986683,NA
"TCAP_2025_MANKS","Manhattan_2025","U8202-A-10-7","Manhattan",2025,NA,355852.328326095,NA
"TCAP_2025_MANKS","Manhattan_2025","U8313-D-6-9","Manhattan",2025,NA,356497.084871995,NA
"TCAP_2025_MANKS","Manhattan_2025","U8314-E.T3","Manhattan",2025,NA,356162.425838222,NA
"TCAP_2025_MANKS","Manhattan_2025","U8314-M-H11-T3","Manhattan",2025,NA,355953.891968882,NA
"TCAP_2025_MANKS","Manhattan_2025","U8323_C2","Manhattan",2025,NA,355933.315142551,NA
"TCAP_2025_MANKS","Manhattan_2025","U8323_D5","Manhattan",2025,NA,356146.072780532,NA
"TCAP_2025_MANKS","Manhattan_2025","U8323_D6","Manhattan",2025,NA,357127.853942393,NA
"TCAP_2025_MANKS","Manhattan_2025","U8344-P-5-5","Manhattan",2025,NA,355660.348507787,NA
"TCAP_2025_MANKS","Manhattan_2025","U8375-B-H4-T15","Manhattan",2025,NA,356280.757044279,NA
"TCAP_2025_MANKS","Manhattan_2025","U8434_B8","Manhattan",2025,NA,355462.889438946,NA
"TCAP_2025_MANKS","Manhattan_2025","U8434_C1","Manhattan",2025,NA,356488.291267696,NA
"TCAP_2025_MANKS","Manhattan_2025","U8434_C2","Manhattan",2025,NA,356164.680386634,NA
"TCAP_2025_MANKS","Manhattan_2025","U8439/U8554/U8440_E1","Manhattan",2025,NA,356007.879660859,NA
"TCAP_2025_MANKS","Manhattan_2025","U8441_U8549_A8","Manhattan",2025,NA,355934.425310316,NA
"TCAP_2025_MANKS","Manhattan_2025","U8453_B5","Manhattan",2025,NA,356043.259899473,NA
"TCAP_2025_MANKS","Manhattan_2025","U8453_B7","Manhattan",2025,NA,355994.792653986,NA
"TCAP_2025_MANKS","Manhattan_2025","U8453_C10","Manhattan",2025,NA,356081.029551079,NA
"TCAP_2025_MANKS","Manhattan_2025","U8453_D6","Manhattan",2025,NA,356080.332993968,NA
"TCAP_2025_MANKS","Manhattan_2025","U8454_U8446_B2","Manhattan",2025,NA,356525.100080144,NA
"TCAP_2025_MANKS","Manhattan_2025","U8458_U8459_U8460_U8471_E5","Manhattan",2025,NA,355868.584201912,NA
"TCAP_2025_MANKS","Manhattan_2025","U8492-J.T1","Manhattan",2025,NA,356007.230684343,NA
"TCAP_2025_MANKS","Manhattan_2025","U8502/U8316/U8383_D2","Manhattan",2025,NA,355635.843038541,NA
"TCAP_2025_MANKS","Manhattan_2025","U8542_A9","Manhattan",2025,NA,356131.011066598,NA
"TCAP_2025_MANKS","Manhattan_2025","U8546_A2","Manhattan",2025,NA,356140.858325463,NA
"TCAP_2025_MANKS","Manhattan_2025","U8546_B8","Manhattan",2025,NA,356046.23325742,NA
"TCAP_2025_MANKS","Manhattan_2025","U8547/U8433_D7","Manhattan",2025,NA,356057.935865404,NA
"TCAP_2025_MANKS","Manhattan_2025","U8551_A10","Manhattan",2025,NA,356191.611771005,NA
"TCAP_2025_MANKS","Manhattan_2025","U8551_A2","Manhattan",2025,NA,356170.981450781,NA
"TCAP_2025_MANKS","Manhattan_2025","U8551_A6","Manhattan",2025,NA,356172.8477919,NA
"TCAP_2025_MANKS","Manhattan_2025","U8551_B3","Manhattan",2025,NA,356458.164277302,NA
"TCAP_2025_MANKS","Manhattan_2025","U8551_C6","Manhattan",2025,NA,356426.065017272,NA
"TCAP_2025_MANKS","Manhattan_2025","U8551_D5","Manhattan",2025,NA,356221.673025932,NA
"TCAP_2025_MANKS","Manhattan_2025","U8551_E1","Manhattan",2025,NA,356129.025699468,NA
"TCAP_2025_MANKS","Manhattan_2025","U8595-D-3-1","Manhattan",2025,NA,355856.022589303,NA
"TCAP_2025_MANKS","Manhattan_2025","U8715-J-D08","Manhattan",2025,NA,356032.808616477,NA
"TCAP_2025_MANKS","Manhattan_2025","U8816-S-H12-B","Manhattan",2025,NA,355859.801339399,NA
"TCAP_2025_MANKS","Manhattan_2025","U8816-S-H12-G","Manhattan",2025,NA,356147.735397222,NA
"TCAP_2025_MANKS","Manhattan_2025","U8816-V-D10-G","Manhattan",2025,NA,355945.702305241,NA
"TCAP_2025_MANKS","Manhattan_2025","U8816-V-F07-E","Manhattan",2025,NA,355986.791808505,NA
"TCAP_2025_MANKS","Manhattan_2025","U8819-O-G01","Manhattan",2025,NA,356504.727747965,NA
"TCAP_2025_MANKS","Manhattan_2025","U9001-E-D12-D","Manhattan",2025,NA,356090.68273835,NA
"TCAP_2025_MANKS","Manhattan_2025","U9004-B-A01-B","Manhattan",2025,NA,356329.337465212,NA
"TCAP_2025_MANKS","Manhattan_2025","U9006-AI-D16-F","Manhattan",2025,NA,356251.981254566,NA
"TCAP_2025_MANKS","Manhattan_2025","U9006-M-D01-H2","Manhattan",2025,NA,356026.656138217,NA
"TCAP_2025_MANKS","Manhattan_2025","U9015-E-F06-A","Manhattan",2025,NA,356348.846274259,NA
"TCAP_2025_MANKS","Manhattan_2025","U9103-F_E10","Manhattan",2025,NA,355838.209853959,NA
"TCAP_2025_MANKS","Manhattan_2025","U9107-H_B4","Manhattan",2025,NA,355807.397241273,NA
"TCAP_2025_MANKS","Manhattan_2025","U9107-I_D5","Manhattan",2025,NA,356728.198807006,NA
"TCAP_2025_MANKS","Manhattan_2025","U9108-F_E9","Manhattan",2025,NA,356061.932954923,NA
"TCAP_2025_MANKS","Manhattan_2025","U9124-B_A1","Manhattan",2025,NA,356914.878715705,NA
"TCAP_2025_MANKS","Manhattan_2025","U9134-C_E10","Manhattan",2025,NA,356030.653630845,NA
"TCAP_2025_MANKS","Manhattan_2025","U9150-J_E5","Manhattan",2025,NA,356202.568510157,NA
"TCAP_2025_MANKS","Manhattan_2025","U9150-K_E6","Manhattan",2025,NA,356579.218807071,NA
"TCAP_2025_MANKS","Manhattan_2025","U9160-A_A1","Manhattan",2025,NA,356672.231277353,NA
"TCAP_2025_MANKS","Manhattan_2025","U9160-C_E3","Manhattan",2025,NA,356136.864859499,NA
"TCAP_2025_MANKS","Manhattan_2025","U9161-A_E2","Manhattan",2025,NA,357280.535421452,NA
"TCAP_2025_MANKS","Manhattan_2025","U9173-F_A10","Manhattan",2025,NA,355733.290366667,NA
"TCAP_2025_MANKS","Manhattan_2025","U9204-H_A9","Manhattan",2025,NA,356552.784500388,NA
"TCAP_2025_MANKS","Manhattan_2025","U9204-H_E8","Manhattan",2025,NA,356570.949951812,NA
"TCAP_2025_MANKS","Manhattan_2025","U9229-F_D6","Manhattan",2025,NA,356630.841831238,NA
"TCAP_2025_MANKS","Manhattan_2025","U9232-B_A2","Manhattan",2025,NA,355892.673684159,NA
"TCAP_2025_MANKS","Manhattan_2025","U9232-B_D2","Manhattan",2025,NA,355709.643579075,NA
"TCAP_2025_MANKS","Manhattan_2025","U9232-G_B8","Manhattan",2025,NA,355819.373331329,NA
"TCAP_2025_MANKS","Manhattan_2025","U9237-D_C1","Manhattan",2025,NA,356715.9770535,NA
"TCAP_2025_MANKS","Manhattan_2025","U9237-E_D4","Manhattan",2025,NA,356161.758156698,NA
"TCAP_2025_MANKS","Manhattan_2025","U9237-J_B8","Manhattan",2025,NA,357146.080668416,NA
"TCAP_2025_MANKS","Manhattan_2025","U9241-F_D9","Manhattan",2025,NA,356090.764142109,NA
"TCAP_2025_MANKS","Manhattan_2025","U9242-D_D6","Manhattan",2025,NA,355839.869517994,NA
"TCAP_2025_MANKS","Manhattan_2025","U9246-H_C10","Manhattan",2025,NA,356243.513520057,NA
"TCAP_2025_MANKS","Manhattan_2025","U9248-D_A4","Manhattan",2025,NA,355829.649069385,NA
"TCAP_2025_MANKS","Manhattan_2025","U9251-B_C2","Manhattan",2025,NA,356866.385507528,NA
"TCAP_2025_MANKS","Manhattan_2025","U9251-L_C9","Manhattan",2025,NA,356558.306214227,NA
"TCAP_2025_MANKS","Manhattan_2025","U9276-C_B2","Manhattan",2025,NA,356338.651583626,NA
"TCAP_2025_MANKS","Manhattan_2025","U9277-C_A1","Manhattan",2025,NA,355928.750635373,NA
"TCAP_2025_MANKS","Manhattan_2025","U9289-A_A7","Manhattan",2025,NA,356149.469709941,NA
"TCAP_2025_MANKS","Manhattan_2025","U9289-A_B7","Manhattan",2025,NA,356104.880108941,NA
"TCAP_2025_MANKS","Manhattan_2025","U9293-A_C5","Manhattan",2025,NA,355720.470558211,NA
"TCAP_2025_MANKS","Manhattan_2025","U9303-A_D4","Manhattan",2025,NA,357259.29130984,NA
"TCAP_2025_MANKS","Manhattan_2025","U9305-D_A3","Manhattan",2025,NA,356048.385398514,NA
"TCAP_2025_MANKS","Manhattan_2025","U9305-D_D3","Manhattan",2025,NA,356100.438783068,NA
"TCAP_2025_MANKS","Manhattan_2025","U9307-F_B7","Manhattan",2025,NA,356114.089007635,NA
"TCAP_2025_MANKS","Manhattan_2025","U9314-E_E9","Manhattan",2025,NA,356711.633832483,NA
"TCAP_2025_MANKS","Manhattan_2025","U9314-F_C10","Manhattan",2025,NA,356112.751635177,NA
"TCAP_2025_MANKS","Manhattan_2025","U9315-O_B7","Manhattan",2025,NA,355643.583821015,NA
"TCAP_2025_MANKS","Manhattan_2025","U9317-L_D5","Manhattan",2025,NA,356152.761231418,NA
"TCAP_2025_MANKS","Manhattan_2025","U9317-P_C8","Manhattan",2025,NA,356014.413090857,NA
"TCAP_2025_MANKS","Manhattan_2025","U9319-C_C5","Manhattan",2025,NA,356859.988832326,NA
"TCAP_2025_MANKS","Manhattan_2025","U9319-C_E5","Manhattan",2025,NA,355983.443344972,NA
"TCAP_2025_MANKS","Manhattan_2025","U9320-A_E1","Manhattan",2025,NA,355906.42187088,NA
"TCAP_2025_MANKS","Manhattan_2025","U9326-I_A7","Manhattan",2025,NA,355991.427884245,NA
"TCAP_2025_MANKS","Manhattan_2025","U9358-D_E7","Manhattan",2025,NA,355745.086416774,NA
"TCAP_2025_MANKS","Manhattan_2025","U9362-C_C3","Manhattan",2025,NA,355508.070932534,NA
"TCAP_2025_MANKS","Manhattan_2025","U9367-C_C5","Manhattan",2025,NA,356158.131988015,NA
"TCAP_2025_MANKS","Manhattan_2025","U9367-C_E6","Manhattan",2025,NA,355836.442379481,NA
"TCAP_2025_MANKS","Manhattan_2025","U9371-D_D8","Manhattan",2025,NA,356122.660816766,NA
"TCAP_2025_MANKS","Manhattan_2025","U9395-E_C6","Manhattan",2025,NA,355864.554120125,NA
"TCAP_2025_MANKS","Manhattan_2025","U9399-B_C3","Manhattan",2025,NA,355698.479670891,NA
"TCAP_2025_MANKS","Manhattan_2025","U9399-E_E7","Manhattan",2025,NA,355847.694934122,NA
"TCAP_2025_MANKS","Manhattan_2025","U9401-A_E9","Manhattan",2025,NA,355940.796109649,NA
"TCAP_2025_MANKS","Manhattan_2025","U9401-B_B10","Manhattan",2025,NA,356800.062378013,NA
"TCAP_2025_MANKS","Manhattan_2025","U9401-B_E10","Manhattan",2025,NA,356958.284604237,NA
"TCAP_2025_MANKS","Manhattan_2025","U9408-A_C2","Manhattan",2025,NA,355975.584453292,NA
"TCAP_2025_MANKS","Manhattan_2025","U9408-G_B6","Manhattan",2025,NA,356356.428987153,NA
"TCAP_2025_MANKS","Manhattan_2025","VISTA","Manhattan",2025,NA,356226.315502282,NA
"TCAP_2025_MANKS","Manhattan_2025","W04-417","Manhattan",2025,NA,356340.34828234,NA
"TCAP_2025_MANKS","Manhattan_2025","X111480-1.8.4.3","Manhattan",2025,NA,356082.537932469,NA
"TCAP_2025_MANKS","Manhattan_2025","X111616-1.6.6.3","Manhattan",2025,NA,356271.980846014,NA
"TCAP_2025_MANKS","Manhattan_2025","X111616-1.6.8.3","Manhattan",2025,NA,356306.589291166,NA
"TCAP_2025_MANKS","Manhattan_2025","X111616-1.6.9.8","Manhattan",2025,NA,356286.083022762,NA
"TCAP_2025_MANKS","Manhattan_2025","ZENDA","Manhattan",2025,NA,355816.193362204,NA
"25_Big6_SVREC_SVREC","Frankenmuth_2025","21PU-0073","Frankenmuth",2025,NA,-230392.883749962,NA
"25_Big6_SVREC_SVREC","Frankenmuth_2025","21PU-0157","Frankenmuth",2025,NA,-230603.29907659,NA
"25_Big6_SVREC_SVREC","Frankenmuth_2025","21PU-0280","Frankenmuth",2025,NA,-230641.793477365,NA
"25_Big6_SVREC_SVREC","Frankenmuth_2025","21PU-0281","Frankenmuth",2025,NA,-230674.020407532,NA
"25_Big6_SVREC_SVREC","Frankenmuth_2025","21PU-0282","Frankenmuth",2025,NA,-230833.411898858,NA
"25_Big6_SVREC_SVREC","Frankenmuth_2025","21PU-0467","Frankenmuth",2025,NA,-230681.964761228,NA
"25_Big6_SVREC_SVREC","Frankenmuth_2025","21PU-0507","Frankenmuth",2025,NA,-230500.54120067,NA
"25_Big6_SVREC_SVREC","Frankenmuth_2025","22PU-0108","Frankenmuth",2025,NA,-230703.072349404,NA
"25_Big6_SVREC_SVREC","Frankenmuth_2025","22PU-1031","Frankenmuth",2025,NA,-230801.395150956,NA
"25_Big6_SVREC_SVREC","Frankenmuth_2025","22PU-1081","Frankenmuth",2025,NA,-230882.918874469,NA
"25_Big6_SVREC_SVREC","Frankenmuth_2025","22PU-1250","Frankenmuth",2025,NA,-231372.018316856,NA
"25_Big6_SVREC_SVREC","Frankenmuth_2025","22PU-3029","Frankenmuth",2025,NA,-231014.18381645,NA
"25_Big6_SVREC_SVREC","Frankenmuth_2025","22PU-3041","Frankenmuth",2025,NA,-230992.131140231,NA
"25_Big6_SVREC_SVREC","Frankenmuth_2025","22PU-3092","Frankenmuth",2025,NA,-230133.889314745,NA
"25_Big6_SVREC_SVREC","Frankenmuth_2025","22PU-3170","Frankenmuth",2025,NA,-231108.736442958,NA
"25_Big6_SVREC_SVREC","Frankenmuth_2025","22PU-3409","Frankenmuth",2025,NA,-231304.858344028,NA
"25_Big6_SVREC_SVREC","Frankenmuth_2025","22PU-3438","Frankenmuth",2025,NA,-230915.574769146,NA
"25_Big6_SVREC_SVREC","Frankenmuth_2025","22PU-3470","Frankenmuth",2025,NA,-230786.086318013,NA
"25_Big6_SVREC_SVREC","Frankenmuth_2025","B722","Frankenmuth",2025,NA,-230909.970536259,NA
"25_Big6_SVREC_SVREC","Frankenmuth_2025","BECK726","Frankenmuth",2025,NA,-230817.29679215,NA
"25_Big6_SVREC_SVREC","Frankenmuth_2025","IL2021-14925","Frankenmuth",2025,NA,-230501.781828023,NA
"25_Big6_SVREC_SVREC","Frankenmuth_2025","IL2021-15134","Frankenmuth",2025,NA,-230737.320724617,NA
"25_Big6_SVREC_SVREC","Frankenmuth_2025","IL2021-15254","Frankenmuth",2025,NA,-230674.846558493,NA
"25_Big6_SVREC_SVREC","Frankenmuth_2025","IL2021-16415","Frankenmuth",2025,NA,-230709.297479886,NA
"25_Big6_SVREC_SVREC","Frankenmuth_2025","IL2021-18451","Frankenmuth",2025,NA,-230621.873811283,NA
"25_Big6_SVREC_SVREC","Frankenmuth_2025","IL2021-18457","Frankenmuth",2025,NA,-230661.20468152,NA
"25_Big6_SVREC_SVREC","Frankenmuth_2025","IL2021-19401","Frankenmuth",2025,NA,-230566.310763894,NA
"25_Big6_SVREC_SVREC","Frankenmuth_2025","IL2021-22316","Frankenmuth",2025,NA,-230440.696251653,NA
"25_Big6_SVREC_SVREC","Frankenmuth_2025","IL2021-26834","Frankenmuth",2025,NA,-230436.08985452,NA
"25_Big6_SVREC_SVREC","Frankenmuth_2025","IL2021-28712","Frankenmuth",2025,NA,-230783.020545474,NA
"25_Big6_SVREC_SVREC","Frankenmuth_2025","IL2021-28826","Frankenmuth",2025,NA,-230805.757041786,NA
"25_Big6_SVREC_SVREC","Frankenmuth_2025","IL2021-29425","Frankenmuth",2025,NA,-230743.304095331,NA
"25_Big6_SVREC_SVREC","Frankenmuth_2025","IL2021-32902","Frankenmuth",2025,NA,-230677.527496285,NA
"25_Big6_SVREC_SVREC","Frankenmuth_2025","IL2021-36445","Frankenmuth",2025,NA,-230678.2955999,NA
"25_Big6_SVREC_SVREC","Frankenmuth_2025","IL2021-36639","Frankenmuth",2025,NA,-230895.642615015,NA
"25_Big6_SVREC_SVREC","Frankenmuth_2025","IL2021-39253","Frankenmuth",2025,NA,-230761.259231008,NA
"25_Big6_SVREC_SVREC","Frankenmuth_2025","IL2021-42522","Frankenmuth",2025,NA,-230717.881901534,NA
"25_Big6_SVREC_SVREC","Frankenmuth_2025","IL2021-43877","Frankenmuth",2025,NA,-230602.042453183,NA
"25_Big6_SVREC_SVREC","Frankenmuth_2025","IL2021-43921","Frankenmuth",2025,NA,-230708.56034197,NA
"25_Big6_SVREC_SVREC","Frankenmuth_2025","IL2021-46842","Frankenmuth",2025,NA,-230631.924967651,NA
"25_Big6_SVREC_SVREC","Frankenmuth_2025","MI22R057","Frankenmuth",2025,NA,-230606.356032258,NA
"25_Big6_SVREC_SVREC","Frankenmuth_2025","MI22R097","Frankenmuth",2025,NA,-230610.621443574,NA
"25_Big6_SVREC_SVREC","Frankenmuth_2025","MI22R135","Frankenmuth",2025,NA,-231001.633855601,NA
"25_Big6_SVREC_SVREC","Frankenmuth_2025","MI23R020","Frankenmuth",2025,NA,-230889.570867002,NA
"25_Big6_SVREC_SVREC","Frankenmuth_2025","MI23R032","Frankenmuth",2025,NA,-230924.709877843,NA
"25_Big6_SVREC_SVREC","Frankenmuth_2025","MI23R065","Frankenmuth",2025,NA,-230900.176861206,NA
"25_Big6_SVREC_SVREC","Frankenmuth_2025","MI23R071","Frankenmuth",2025,NA,-230872.385917475,NA
"25_Big6_SVREC_SVREC","Frankenmuth_2025","MI23R081","Frankenmuth",2025,NA,-230693.419836041,NA
"25_Big6_SVREC_SVREC","Frankenmuth_2025","MI23R090","Frankenmuth",2025,NA,-230810.228012148,NA
"25_Big6_SVREC_SVREC","Frankenmuth_2025","MI23R099","Frankenmuth",2025,NA,-230807.64430654,NA
"25_Big6_SVREC_SVREC","Frankenmuth_2025","MI23R119","Frankenmuth",2025,NA,-230603.783807107,NA
"25_Big6_SVREC_SVREC","Frankenmuth_2025","MI23R126","Frankenmuth",2025,NA,-230834.300063922,NA
"25_Big6_SVREC_SVREC","Frankenmuth_2025","MI23R134","Frankenmuth",2025,NA,-230587.889246555,NA
"25_Big6_SVREC_SVREC","Frankenmuth_2025","MI23R138","Frankenmuth",2025,NA,-230606.241912401,NA
"25_Big6_SVREC_SVREC","Frankenmuth_2025","MI23R153","Frankenmuth",2025,NA,-230783.629186927,NA
"25_Big6_SVREC_SVREC","Frankenmuth_2025","MI23R161","Frankenmuth",2025,NA,-230752.724676496,NA
"25_Big6_SVREC_SVREC","Frankenmuth_2025","MI23R181","Frankenmuth",2025,NA,-230771.759073554,NA
"25_Big6_SVREC_SVREC","Frankenmuth_2025","MI23R233","Frankenmuth",2025,NA,-230507.55212837,NA
"25_Big6_SVREC_SVREC","Frankenmuth_2025","NY12311-1-30-10-1452","Frankenmuth",2025,NA,-230847.617864663,NA
"25_Big6_SVREC_SVREC","Frankenmuth_2025","NY12325-1-10-12-1476","Frankenmuth",2025,NA,-230944.118084376,NA
"25_Big6_SVREC_SVREC","Frankenmuth_2025","NY12325-1-10-18-1477","Frankenmuth",2025,NA,-230955.822139185,NA
"25_Big6_SVREC_SVREC","Frankenmuth_2025","NY12351-1-14-20-1484","Frankenmuth",2025,NA,-230753.918563137,NA
"25_Big6_SVREC_SVREC","Frankenmuth_2025","NY12397-1-4-13","Frankenmuth",2025,NA,-230718.818117488,NA
"25_Big6_SVREC_SVREC","Frankenmuth_2025","NY12398-2-16-07-03W-1580","Frankenmuth",2025,NA,-230757.781525472,NA
"25_Big6_SVREC_SVREC","Frankenmuth_2025","NY12512-1-6-05-1542","Frankenmuth",2025,NA,-230826.519074146,NA
"25_Big6_SVREC_SVREC","Frankenmuth_2025","NY12512-1-6-17-1544","Frankenmuth",2025,NA,-230838.262618525,NA
"25_Big6_SVREC_SVREC","Frankenmuth_2025","NY12513-1-16-06-1545","Frankenmuth",2025,NA,-230716.326105303,NA
"25_Big6_SVREC_SVREC","Frankenmuth_2025","NY15083-02-01-09-1786","Frankenmuth",2025,NA,-230644.677710916,NA
"25_Big6_SVREC_SVREC","Frankenmuth_2025","NY15145-01-01-11-1850","Frankenmuth",2025,NA,-230720.121565005,NA
"25_Big6_SVREC_SVREC","Frankenmuth_2025","NY15148-01-01-10-1860","Frankenmuth",2025,NA,-230782.265991916,NA
"25_Big6_SVREC_SVREC","Frankenmuth_2025","NY15150-01-01-05-1868","Frankenmuth",2025,NA,-230776.125646547,NA
"25_Big6_SVREC_SVREC","Frankenmuth_2025","NY15150-01-01-12-1870","Frankenmuth",2025,NA,-230784.511650511,NA
"25_Big6_SVREC_SVREC","Frankenmuth_2025","NY15158-01-01-10-1873","Frankenmuth",2025,NA,-230726.239900495,NA
"25_Big6_SVREC_SVREC","Frankenmuth_2025","NY15158-01-01-11-1874","Frankenmuth",2025,NA,-230703.566541273,NA
"25_Big6_SVREC_SVREC","Frankenmuth_2025","NY15201-01-01-01-1898","Frankenmuth",2025,NA,-230725.825732614,NA
"25_Big6_SVREC_SVREC","Frankenmuth_2025","NY16061-01-10-1904","Frankenmuth",2025,NA,-230761.103519603,NA
"25_Big6_SVREC_SVREC","Frankenmuth_2025","OH13-88-61","Frankenmuth",2025,NA,-230503.073109136,NA
"25_Big6_SVREC_SVREC","Frankenmuth_2025","OH15-191-52","Frankenmuth",2025,NA,-230505.559304441,NA
"25_Big6_SVREC_SVREC","Frankenmuth_2025","OH18-65-54","Frankenmuth",2025,NA,-230403.549903021,NA
"25_Big6_SVREC_SVREC","Frankenmuth_2025","OH19*102-76","Frankenmuth",2025,NA,-230445.305085171,NA
"25_Big6_SVREC_SVREC","Frankenmuth_2025","OH19-167-5","Frankenmuth",2025,NA,-230485.085011219,NA
"25_Big6_SVREC_SVREC","Frankenmuth_2025","OH20-17-3","Frankenmuth",2025,NA,-230546.731496686,NA
"25_Big6_SVREC_SVREC","Frankenmuth_2025","OH20-17-42","Frankenmuth",2025,NA,-230348.878425523,NA
"25_Big6_SVREC_SVREC","Frankenmuth_2025","OH20-98-32","Frankenmuth",2025,NA,-230595.082165486,NA
"25_Big6_SVREC_SVREC","Frankenmuth_2025","OH21*111-93","Frankenmuth",2025,NA,-230535.673429578,NA
"25_Big6_SVREC_SVREC","Frankenmuth_2025","OH21-115-96","Frankenmuth",2025,NA,-230460.705336418,NA
"25_Big6_SVREC_SVREC","Frankenmuth_2025","OH21-117-101","Frankenmuth",2025,NA,-230258.012583184,NA
"25_Big6_SVREC_SVREC","Frankenmuth_2025","OH21-117-111","Frankenmuth",2025,NA,-230425.792637826,NA
"25_Big6_SVREC_SVREC","Frankenmuth_2025","OH21*117-94","Frankenmuth",2025,NA,-230313.803690057,NA
"25_Big6_SVREC_SVREC","Frankenmuth_2025","OH21-2-74","Frankenmuth",2025,NA,-230371.879878393,NA
"25_Big6_SVREC_SVREC","Frankenmuth_2025","OH21-8-3","Frankenmuth",2025,NA,-230420.547437481,NA
"25_Big6_SVREC_SVREC","Frankenmuth_2025","OH21-91-64","Frankenmuth",2025,NA,-230271.308295177,NA
"25_Big6_SVREC_SVREC","Frankenmuth_2025","OH21-92-54","Frankenmuth",2025,NA,-230387.907108403,NA
"25_Big6_SVREC_SVREC","Frankenmuth_2025","P25R64","Frankenmuth",2025,NA,-231032.002587685,NA
"25_Big6_SVREC_SVREC","Frankenmuth_2025","X15-1071-40-17-5-8","Frankenmuth",2025,NA,-230622.332950336,NA
"25_Big6_SVREC_SVREC","Frankenmuth_2025","X15-1085-56-15-3-2","Frankenmuth",2025,NA,-230540.751169582,NA
"25_Big6_SVREC_SVREC","Frankenmuth_2025","X17-1079-87-13-5-4","Frankenmuth",2025,NA,-230620.432835029,NA
"25_Big6_SVREC_SVREC","Frankenmuth_2025","X17-1096-113-1-1-6","Frankenmuth",2025,NA,-230486.494660068,NA
"25_Big6_SVREC_SVREC","Frankenmuth_2025","X17-1162-100-20-1-10","Frankenmuth",2025,NA,-231182.457174915,NA
"25_Big6_SVREC_SVREC","Frankenmuth_2025","X17-1307-49-17-5-10","Frankenmuth",2025,NA,-230518.703289527,NA
"25_Big6_SVREC_SVREC","Frankenmuth_2025","X17-1338-120-1-1-5","Frankenmuth",2025,NA,-230600.064860105,NA
"25_Big6_SVREC_SVREC","Frankenmuth_2025","X17-1340-138-1-1-12","Frankenmuth",2025,NA,-230746.300581935,NA
"25_Big6_SVREC_SVREC","Frankenmuth_2025","X17-1413-42-2-5-10","Frankenmuth",2025,NA,-230472.371989737,NA
"25_Big6_SVREC_SVREC","Frankenmuth_2025","X17-1414-102-18-1-1","Frankenmuth",2025,NA,-230688.872594881,NA
"25_Big6_SVREC_SVREC","Frankenmuth_2025","X17-1414-103-1-1-10","Frankenmuth",2025,NA,-230546.700505609,NA
"25_Big6_SVREC_SVREC","Frankenmuth_2025","X17-1414-103-1-1-7","Frankenmuth",2025,NA,-230558.202700881,NA
"25_Big6_SVREC_SVREC","Frankenmuth_2025","X17-1535-28-19-5-5","Frankenmuth",2025,NA,-230764.036760578,NA
"25_Big6_SVREC_SVREC","Frankenmuth_2025","X17-1558-97-15-1-8","Frankenmuth",2025,NA,-230727.116098379,NA
"25_Big6_SVREC_SVREC","Frankenmuth_2025","X17-1584-7-17-5-8","Frankenmuth",2025,NA,-231004.583699904,NA
"25_Big6_SVREC_SVREC","Frankenmuth_2025","X17-1601-103-11-5-1","Frankenmuth",2025,NA,-230462.449835265,NA
"25_Big6_SVREC_SVREC","Frankenmuth_2025","X17-1625-128-1-3-2","Frankenmuth",2025,NA,-230628.443705794,NA
"25_Big6_SVREC_SVREC","Frankenmuth_2025","X17-1640-114-17-5-7","Frankenmuth",2025,NA,-230519.302865664,NA
"25_Big6_SVREC_SVREC","Frankenmuth_2025","X17-1673-29-3-5-1","Frankenmuth",2025,NA,-230576.847277017,NA
"24Crk_AY2-3","Crookston_2024","MN21211","Crookston",2024,NA,476009.11604315,NA
"24Crk_AY2-3","Crookston_2024","MN23020","Crookston",2024,NA,476017.005310059,NA
"24Crk_AY2-3","Crookston_2024","MN23029","Crookston",2024,NA,476017.005310059,NA
"24Crk_AY2-3","Crookston_2024","MN23031","Crookston",2024,NA,476017.005310059,NA
"24Crk_AY2-3","Crookston_2024","MN23039","Crookston",2024,NA,476017.005310059,NA
"24Crk_AY2-3","Crookston_2024","MN23044","Crookston",2024,NA,476017.005310059,NA
"24Crk_AY2-3","Crookston_2024","MN23047","Crookston",2024,NA,476017.005310059,NA
"24Crk_AY2-3","Crookston_2024","MN23049","Crookston",2024,NA,476017.005310059,NA
"24Crk_AY2-3","Crookston_2024","MN23061","Crookston",2024,NA,476017.005310059,NA
"24Crk_AY2-3","Crookston_2024","MN23063","Crookston",2024,NA,476017.005310059,NA
"24Crk_AY2-3","Crookston_2024","MN23067","Crookston",2024,NA,476017.005310059,NA
"24Crk_AY2-3","Crookston_2024","MN23070","Crookston",2024,NA,476017.005310059,NA
"24Crk_AY2-3","Crookston_2024","MN23084","Crookston",2024,NA,476017.005310059,NA
"24Crk_AY2-3","Crookston_2024","MN23087","Crookston",2024,NA,476017.005310059,NA
"24Crk_AY2-3","Crookston_2024","MN23090","Crookston",2024,NA,476017.005310059,NA
"24Crk_AY2-3","Crookston_2024","MN23094","Crookston",2024,NA,476017.005310059,NA
"24Crk_AY2-3","Crookston_2024","MN23097","Crookston",2024,NA,476017.005310059,NA
"24Crk_AY2-3","Crookston_2024","MN23101","Crookston",2024,NA,476017.005310059,NA
"24Crk_AY2-3","Crookston_2024","MN23102","Crookston",2024,NA,476017.005310059,NA
"24Crk_AY2-3","Crookston_2024","MN23103","Crookston",2024,NA,476017.005310059,NA
"24Crk_AY2-3","Crookston_2024","MN23106","Crookston",2024,NA,476017.005310059,NA
"24Crk_AY2-3","Crookston_2024","MN23110","Crookston",2024,NA,476017.005310059,NA
"24Crk_AY2-3","Crookston_2024","MN23111","Crookston",2024,NA,476017.005310059,NA
"24Crk_AY2-3","Crookston_2024","MN23117","Crookston",2024,NA,476017.005310059,NA
"24Crk_AY2-3","Crookston_2024","MN23118","Crookston",2024,NA,476017.005310059,NA
"24Crk_AY2-3","Crookston_2024","MN23121","Crookston",2024,NA,476017.005310059,NA
"24Crk_AY2-3","Crookston_2024","MN23123","Crookston",2024,NA,476017.005310059,NA
"24Crk_AY2-3","Crookston_2024","MN23127","Crookston",2024,NA,476017.005310059,NA
"24Crk_AY2-3","Crookston_2024","MN23136","Crookston",2024,NA,476017.005310059,NA
"24Crk_AY2-3","Crookston_2024","MN23138","Crookston",2024,NA,476017.005310059,NA
"24Crk_AY2-3","Crookston_2024","MN23140","Crookston",2024,NA,476017.005310059,NA
"24Crk_AY2-3","Crookston_2024","MN23143","Crookston",2024,NA,476017.005310059,NA
"24Crk_AY2-3","Crookston_2024","MN23152","Crookston",2024,NA,476017.005310059,NA
"24Crk_AY2-3","Crookston_2024","MN23153","Crookston",2024,NA,476017.005310059,NA
"24Crk_AY2-3","Crookston_2024","MN23165","Crookston",2024,NA,476017.005310059,NA
"24Crk_AY2-3","Crookston_2024","MN23167","Crookston",2024,NA,476017.005310059,NA
"24Crk_AY2-3","Crookston_2024","MN23168","Crookston",2024,NA,476017.005310059,NA
"24Crk_AY2-3","Crookston_2024","MN23176","Crookston",2024,NA,476017.005310059,NA
"24Crk_AY2-3","Crookston_2024","MN23182","Crookston",2024,NA,476017.005310059,NA
"24Crk_AY2-3","Crookston_2024","MN23184","Crookston",2024,NA,476017.005310059,NA
"24Crk_AY2-3","Crookston_2024","MN23186","Crookston",2024,NA,476017.005310059,NA
"24Crk_AY2-3","Crookston_2024","MN23187","Crookston",2024,NA,476017.005310059,NA
"24Crk_AY2-3","Crookston_2024","MN23188","Crookston",2024,NA,476017.005310059,NA
"24Crk_AY2-3","Crookston_2024","MN23192","Crookston",2024,NA,476017.005310059,NA
"24Crk_AY2-3","Crookston_2024","MN23193","Crookston",2024,NA,476017.005310059,NA
"24Crk_AY2-3","Crookston_2024","MN23197","Crookston",2024,NA,476017.005310059,NA
"24Crk_AY2-3","Crookston_2024","MN23199","Crookston",2024,NA,476017.005310059,NA
"24Crk_AY2-3","Crookston_2024","MN23201","Crookston",2024,NA,476017.005310059,NA
"24Crk_AY2-3","Crookston_2024","MN23204","Crookston",2024,NA,476017.005310059,NA
"24Crk_AY2-3","Crookston_2024","MN23216","Crookston",2024,NA,476017.005310059,NA
"24Crk_AY2-3","Crookston_2024","MN23221","Crookston",2024,NA,476017.005310059,NA
"24Crk_AY2-3","Crookston_2024","MN23231","Crookston",2024,NA,476017.005310059,NA
"24Crk_AY2-3","Crookston_2024","MN23241","Crookston",2024,NA,476017.005310059,NA
"24Crk_AY2-3","Crookston_2024","MN23247","Crookston",2024,NA,476017.005310059,NA
"24Crk_AY2-3","Crookston_2024","MN23249","Crookston",2024,NA,476017.005310059,NA
"24Crk_AY2-3","Crookston_2024","MN23250","Crookston",2024,NA,476017.005310059,NA
"24Crk_AY2-3","Crookston_2024","MN23252","Crookston",2024,NA,476017.005310059,NA
"24Crk_AY2-3","Crookston_2024","MN23255","Crookston",2024,NA,476017.005310059,NA
"24Crk_AY2-3","Crookston_2024","MN23259","Crookston",2024,NA,476017.005310059,NA
"24Crk_AY2-3","Crookston_2024","MN23263","Crookston",2024,NA,476017.005310059,NA
"24Crk_AY2-3","Crookston_2024","MN23267","Crookston",2024,NA,476017.005310059,NA
"24Crk_AY2-3","Crookston_2024","MN23271","Crookston",2024,NA,476017.005310059,NA
"24Crk_AY2-3","Crookston_2024","MN23282","Crookston",2024,NA,476017.005310059,NA
"24Crk_AY2-3","Crookston_2024","MN23283","Crookston",2024,NA,476017.005310059,NA
"24Crk_AY2-3","Crookston_2024","MN23285","Crookston",2024,NA,476017.005310059,NA
"24Crk_AY2-3","Crookston_2024","MN23288","Crookston",2024,NA,476017.005310059,NA
"24Crk_AY2-3","Crookston_2024","MN23293","Crookston",2024,NA,476017.005310059,NA
"24Crk_AY2-3","Crookston_2024","MN23300","Crookston",2024,NA,476017.005310059,NA
"24Crk_AY2-3","Crookston_2024","MN23302","Crookston",2024,NA,476017.005310059,NA
"24Crk_AY2-3","Crookston_2024","MN23304","Crookston",2024,NA,476017.005310059,NA
"24Crk_AY2-3","Crookston_2024","MN23308","Crookston",2024,NA,476017.005310059,NA
"24Crk_AY2-3","Crookston_2024","MN23312","Crookston",2024,NA,476017.005310059,NA
"24Crk_AY2-3","Crookston_2024","MN23315","Crookston",2024,NA,476017.005310059,NA
"24Crk_AY2-3","Crookston_2024","MN23318","Crookston",2024,NA,476017.005310059,NA
"24Crk_AY2-3","Crookston_2024","MN23325","Crookston",2024,NA,476017.005310059,NA
"24Crk_AY2-3","Crookston_2024","MN23327","Crookston",2024,NA,476017.005310059,NA
"24Crk_AY2-3","Crookston_2024","MN23336","Crookston",2024,NA,476017.005310059,NA
"24Crk_AY2-3","Crookston_2024","MN23337","Crookston",2024,NA,476017.005310059,NA
"24Crk_AY2-3","Crookston_2024","MN23344","Crookston",2024,NA,476017.005310059,NA
"24Crk_AY2-3","Crookston_2024","MN23349","Crookston",2024,NA,476017.005310059,NA
"24Crk_AY2-3","Crookston_2024","MN23350","Crookston",2024,NA,476017.005310059,NA
"24Crk_AY2-3","Crookston_2024","MN23351","Crookston",2024,NA,476017.005310059,NA
"24Crk_AY2-3","Crookston_2024","MN23352","Crookston",2024,NA,476017.005310059,NA
"24Crk_AY2-3","Crookston_2024","MN23355","Crookston",2024,NA,476017.005310059,NA
"24Crk_AY2-3","Crookston_2024","MN23356","Crookston",2024,NA,476017.005310059,NA
"24Crk_AY2-3","Crookston_2024","SHELLY","Crookston",2024,NA,475940.805690742,NA
"2025_AYT_Aurora","Aurora_2025","EXPEDITION","Aurora",2025,NA,713689.947140038,NA
"2025_AYT_Aurora","Aurora_2025","IDEAL","Aurora",2025,NA,713712.905142314,NA
"2025_AYT_Aurora","Aurora_2025","OVERLAND","Aurora",2025,NA,713708.571245234,NA
"2025_AYT_Aurora","Aurora_2025","SD20B044-4","Aurora",2025,NA,713806.343007284,NA
"2025_AYT_Aurora","Aurora_2025","SD22B020-1","Aurora",2025,NA,713700.959351261,NA
"2025_AYT_Aurora","Aurora_2025","SD22B113-5","Aurora",2025,NA,713693.095697278,NA
"2025_AYT_Aurora","Aurora_2025","SD22D121-4","Aurora",2025,NA,713690.958038621,NA
"2025_AYT_Aurora","Aurora_2025","SD22D144-4","Aurora",2025,NA,713705.416709472,NA
"2025_AYT_Aurora","Aurora_2025","SD22D178-6","Aurora",2025,NA,713679.566792703,NA
"2025_AYT_Aurora","Aurora_2025","SD23B101-12","Aurora",2025,NA,713707.203944469,NA
"2025_AYT_Aurora","Aurora_2025","SD23B101-2","Aurora",2025,NA,713700.861105172,NA
"2025_AYT_Aurora","Aurora_2025","SD23B101-8","Aurora",2025,NA,713724.448289734,NA
"2025_AYT_Aurora","Aurora_2025","SD23B103-3","Aurora",2025,NA,713667.907904141,NA
"2025_AYT_Aurora","Aurora_2025","SD23B104-5","Aurora",2025,NA,713702.154985982,NA
"2025_AYT_Aurora","Aurora_2025","SD23B106-2","Aurora",2025,NA,713740.698074386,NA
"2025_AYT_Aurora","Aurora_2025","SD23B107-5","Aurora",2025,NA,713745.888304694,NA
"2025_AYT_Aurora","Aurora_2025","SD23B111-3","Aurora",2025,NA,713686.383150785,NA
"2025_AYT_Aurora","Aurora_2025","SD23B115-5","Aurora",2025,NA,713687.963795555,NA
"2025_AYT_Aurora","Aurora_2025","SD23B123-16","Aurora",2025,NA,713687.050415641,NA
"2025_AYT_Aurora","Aurora_2025","SD23B123-4","Aurora",2025,NA,713680.716897401,NA
"2025_AYT_Aurora","Aurora_2025","SD23B125-2","Aurora",2025,NA,713723.66974553,NA
"2025_AYT_Aurora","Aurora_2025","SD23B127-4","Aurora",2025,NA,713663.230083484,NA
"2025_AYT_Aurora","Aurora_2025","SD23B131-6","Aurora",2025,NA,713688.333550874,NA
"2025_AYT_Aurora","Aurora_2025","SD23B132-4","Aurora",2025,NA,713650.4162491,NA
"2025_AYT_Aurora","Aurora_2025","SD23B134-1","Aurora",2025,NA,713689.435301761,NA
"2025_AYT_Aurora","Aurora_2025","SD23B137-3","Aurora",2025,NA,713730.08852362,NA
"2025_AYT_Aurora","Aurora_2025","SD23B138-5","Aurora",2025,NA,713666.356372164,NA
"2025_AYT_Aurora","Aurora_2025","SD23B139-1","Aurora",2025,NA,713677.115652754,NA
"2025_AYT_Aurora","Aurora_2025","SD23B139-4","Aurora",2025,NA,713672.759816766,NA
"2025_AYT_Aurora","Aurora_2025","SD23B139-5","Aurora",2025,NA,713676.363749438,NA
"2025_AYT_Aurora","Aurora_2025","SD23B140-10","Aurora",2025,NA,713690.487959297,NA
"2025_AYT_Aurora","Aurora_2025","SD23B140-11","Aurora",2025,NA,713683.267296815,NA
"2025_AYT_Aurora","Aurora_2025","SD23B140-12","Aurora",2025,NA,713682.153261769,NA
"2025_AYT_Aurora","Aurora_2025","SD23B140-3","Aurora",2025,NA,713684.164923389,NA
"2025_AYT_Aurora","Aurora_2025","SD23B141-4","Aurora",2025,NA,713723.787498895,NA
"2025_AYT_Aurora","Aurora_2025","SD23B142-1","Aurora",2025,NA,713738.521031229,NA
"2025_AYT_Aurora","Aurora_2025","SD23B142-4","Aurora",2025,NA,713743.091498088,NA
"2025_AYT_Aurora","Aurora_2025","SD23B145-3","Aurora",2025,NA,713704.507893007,NA
"2025_AYT_Aurora","Aurora_2025","SD23B154-8","Aurora",2025,NA,713701.477375342,NA
"2025_AYT_Aurora","Aurora_2025","SD23B154-9","Aurora",2025,NA,713690.166435466,NA
"2025_AYT_Aurora","Aurora_2025","SD23B159-6","Aurora",2025,NA,713717.812371228,NA
"2025_AYT_Aurora","Aurora_2025","SD23B161-4","Aurora",2025,NA,713722.833965517,NA
"2025_AYT_Aurora","Aurora_2025","SD23B166-3","Aurora",2025,NA,713691.84529403,NA
"2025_AYT_Aurora","Aurora_2025","SD23B166-7","Aurora",2025,NA,713700.128747328,NA
"2025_AYT_Aurora","Aurora_2025","SD23B179-1","Aurora",2025,NA,713701.271347425,NA
"2025_AYT_Aurora","Aurora_2025","SD23B180-3","Aurora",2025,NA,713668.543813413,NA
"2025_AYT_Aurora","Aurora_2025","SD23B191-2","Aurora",2025,NA,713619.953396175,NA
"2025_AYT_Aurora","Aurora_2025","SD23B193-4","Aurora",2025,NA,713669.247863889,NA
"2025_AYT_Aurora","Aurora_2025","SD23C008-1","Aurora",2025,NA,713691.054993639,NA
"2025_AYT_Aurora","Aurora_2025","SD23C017-1","Aurora",2025,NA,713713.590129523,NA
"2025_AYT_Aurora","Aurora_2025","SD23C020-1","Aurora",2025,NA,713723.10704199,NA
"2025_AYT_Aurora","Aurora_2025","SD23C027-5","Aurora",2025,NA,713690.255550105,NA
"2025_AYT_Aurora","Aurora_2025","SD23D011-2","Aurora",2025,NA,713683.005161507,NA
"2025_AYT_Aurora","Aurora_2025","SD23D011-6","Aurora",2025,NA,713705.698687501,NA
"2025_AYT_Aurora","Aurora_2025","SD23D037-2","Aurora",2025,NA,713698.927977569,NA
"2025_AYT_Aurora","Aurora_2025","SD23D039-3","Aurora",2025,NA,713676.776098061,NA
"2025_AYT_Aurora","Aurora_2025","SD23D041-5","Aurora",2025,NA,713691.093248661,NA
"2025_AYT_Aurora","Aurora_2025","SD23D044-1","Aurora",2025,NA,713728.903112897,NA
"2025_AYT_Aurora","Aurora_2025","SD23D050-3","Aurora",2025,NA,713714.197803981,NA
"2025_AYT_Aurora","Aurora_2025","SD23D053-1","Aurora",2025,NA,713726.479870036,NA
"2025_AYT_Aurora","Aurora_2025","SD23D054-2","Aurora",2025,NA,713679.695548917,NA
"2025_AYT_Aurora","Aurora_2025","SD23D057-2","Aurora",2025,NA,713713.308439586,NA
"2025_AYT_Aurora","Aurora_2025","SD23D058-2","Aurora",2025,NA,713645.675206147,NA
"2025_AYT_Aurora","Aurora_2025","SD23D059-1","Aurora",2025,NA,713663.438374926,NA
"2025_AYT_Aurora","Aurora_2025","SD23D061-1","Aurora",2025,NA,713704.065450852,NA
"2025_AYT_Aurora","Aurora_2025","SD23D064-7","Aurora",2025,NA,713704.779196798,NA
"2025_AYT_Aurora","Aurora_2025","SD23SB005-7","Aurora",2025,NA,713681.947615249,NA
"2025_AYT_Aurora","Aurora_2025","SD23SB006-14","Aurora",2025,NA,713692.361943799,NA
"2025_AYT_Aurora","Aurora_2025","SD23SB007-17","Aurora",2025,NA,713669.810337037,NA
"2025_AYT_Aurora","Aurora_2025","SD23SB007-2","Aurora",2025,NA,713654.707028284,NA
"2025_AYT_Aurora","Aurora_2025","SD23SB007-7","Aurora",2025,NA,713642.813618996,NA
"2025_AYT_Aurora","Aurora_2025","SD23SB011-14","Aurora",2025,NA,713702.069408467,NA
"2025_AYT_Aurora","Aurora_2025","SD23SB013-14","Aurora",2025,NA,713666.435481453,NA
"2025_AYT_Aurora","Aurora_2025","SD23SB014-17","Aurora",2025,NA,713701.677675177,NA
"2025_AYT_Aurora","Aurora_2025","SD23SB015-11","Aurora",2025,NA,713696.846099351,NA
"2025_AYT_Aurora","Aurora_2025","SD23SB015-17","Aurora",2025,NA,713705.579428066,NA
"2025_AYT_Aurora","Aurora_2025","SD23SB017-1","Aurora",2025,NA,713678.213776805,NA
"2025_AYT_Aurora","Aurora_2025","SD23SB017-15","Aurora",2025,NA,713673.368795212,NA
"2025_AYT_Aurora","Aurora_2025","SD23SB017-8","Aurora",2025,NA,713682.068130629,NA
"2025_AYT_Aurora","Aurora_2025","SD23SB018-7","Aurora",2025,NA,713647.334624108,NA
"2025_AYT_Aurora","Aurora_2025","SD23SB019-9","Aurora",2025,NA,713679.397667821,NA
"2025_AYT_Aurora","Aurora_2025","SD23SB025-9","Aurora",2025,NA,713684.59464464,NA
"2025_AYT_Aurora","Aurora_2025","SD23SB026-15","Aurora",2025,NA,713693.430175605,NA
"2025_AYT_Aurora","Aurora_2025","SD23SB026-7","Aurora",2025,NA,713681.71076063,NA
"2025_AYT_Aurora","Aurora_2025","SD23SB027-10","Aurora",2025,NA,713708.321574991,NA
"2025_AYT_Aurora","Aurora_2025","SD23SB027-4","Aurora",2025,NA,713710.472632824,NA
"2025_AYT_Aurora","Aurora_2025","SD23SB028-6","Aurora",2025,NA,713665.392061115,NA
"2025_AYT_Aurora","Aurora_2025","SD23SB035-15","Aurora",2025,NA,713725.374734215,NA
"2025_AYT_Aurora","Aurora_2025","SD23SB038-12","Aurora",2025,NA,713696.410535377,NA
"2025_AYT_Aurora","Aurora_2025","SD23SB038-15","Aurora",2025,NA,713717.025997044,NA
"2025_AYT_Aurora","Aurora_2025","SD23SB038-6","Aurora",2025,NA,713711.224058492,NA
"2025_AYT_Aurora","Aurora_2025","SD23SB039-14","Aurora",2025,NA,713685.259694934,NA
"2025_AYT_Aurora","Aurora_2025","SD23SB039-15","Aurora",2025,NA,713701.938881573,NA
"2025_AYT_Aurora","Aurora_2025","SD23SB040-12","Aurora",2025,NA,713674.161065087,NA
"2025_AYT_Aurora","Aurora_2025","SD23SB041-16","Aurora",2025,NA,713704.88615513,NA
"2025_AYT_Aurora","Aurora_2025","SD23SB041-4","Aurora",2025,NA,713726.854225736,NA
"2025_AYT_Aurora","Aurora_2025","SD23SB042-10","Aurora",2025,NA,713693.962938451,NA
"2025_AYT_Aurora","Aurora_2025","SD23SB042-16","Aurora",2025,NA,713687.495374798,NA
"2025_AYT_Aurora","Aurora_2025","SD23SB045-10","Aurora",2025,NA,713710.695857249,NA
"2025_AYT_Aurora","Aurora_2025","SD23SB045-14","Aurora",2025,NA,713711.874082435,NA
"2025_AYT_Aurora","Aurora_2025","SD23SB045-5","Aurora",2025,NA,713704.89355066,NA
"2025_AYT_Aurora","Aurora_2025","SD23SB046-9","Aurora",2025,NA,713718.21991404,NA
"2025_AYT_Aurora","Aurora_2025","SD23SB050-18","Aurora",2025,NA,713718.381472457,NA
"2025_AYT_Aurora","Aurora_2025","SD23SB052-3","Aurora",2025,NA,713684.243964399,NA
"2025_AYT_Aurora","Aurora_2025","SD23SB053-16","Aurora",2025,NA,713697.055635903,NA
"2025_AYT_Aurora","Aurora_2025","SD23SB053-24","Aurora",2025,NA,713717.990415927,NA
"2025_AYT_Aurora","Aurora_2025","SD23SB053-28","Aurora",2025,NA,713708.798867855,NA
"2025_AYT_Aurora","Aurora_2025","SD23SB053-4","Aurora",2025,NA,713696.499920521,NA
"2025_AYT_Aurora","Aurora_2025","SD23SB056-14","Aurora",2025,NA,713691.272477876,NA
"2025_AYT_Aurora","Aurora_2025","SD23SB056-20","Aurora",2025,NA,713689.38059529,NA
"2025_AYT_Aurora","Aurora_2025","SD23SB059-22","Aurora",2025,NA,713717.366697909,NA
"2025_AYT_Aurora","Aurora_2025","SD23SB060-11","Aurora",2025,NA,713696.295880911,NA
"2025_AYT_Aurora","Aurora_2025","SD23SB061-11","Aurora",2025,NA,713701.549253042,NA
"2025_AYT_Aurora","Aurora_2025","SD23SB067-24","Aurora",2025,NA,713680.452752991,NA
"2025_AYT_Aurora","Aurora_2025","SD23SB069-13","Aurora",2025,NA,713692.571399014,NA
"2025_AYT_Aurora","Aurora_2025","SD23SB069-3","Aurora",2025,NA,713698.6145398,NA
"2025_AYT_Aurora","Aurora_2025","SD23SB072-1","Aurora",2025,NA,713705.365245212,NA
"2025_AYT_Aurora","Aurora_2025","SD23SB072-2","Aurora",2025,NA,713688.800101628,NA
"2025_AYT_Aurora","Aurora_2025","SD23SB072-20","Aurora",2025,NA,713694.455645994,NA
"2025_AYT_Aurora","Aurora_2025","SD23SB072-3","Aurora",2025,NA,713673.014510463,NA
"2025_AYT_Aurora","Aurora_2025","SD23SB072-8","Aurora",2025,NA,713699.399106746,NA
"2025_AYT_Aurora","Aurora_2025","SD23SB073-28","Aurora",2025,NA,713691.567533553,NA
"2025_AYT_Aurora","Aurora_2025","SD23SB075-12","Aurora",2025,NA,713700.357683386,NA
"2025_AYT_Aurora","Aurora_2025","WINNER","Aurora",2025,NA,713731.329722558,NA
"STP1_2025_MCG","McGregor_2025","TX19DH583","McGregor",2025,NA,-1198597.74131128,NA
"STP1_2025_MCG","McGregor_2025","TX19DH624","McGregor",2025,NA,-1198613.04639058,NA
"STP1_2025_MCG","McGregor_2025","TX24M8029","McGregor",2025,NA,-1198584.07227672,NA
"STP1_2025_MCG","McGregor_2025","TX24M8035","McGregor",2025,NA,-1198586.1561466,NA
"STP1_2025_MCG","McGregor_2025","TX24M8038","McGregor",2025,NA,-1198609.26904148,NA
"STP1_2025_MCG","McGregor_2025","TX24M8039","McGregor",2025,NA,-1198624.79649581,NA
"STP1_2025_MCG","McGregor_2025","TX24M8048","McGregor",2025,NA,-1198611.64344632,NA
"STP1_2025_MCG","McGregor_2025","TX24M8054","McGregor",2025,NA,-1198600.84786792,NA
"STP1_2025_MCG","McGregor_2025","TX24M8123","McGregor",2025,NA,-1198606.60049931,NA
"STP1_2025_MCG","McGregor_2025","TX24M8136","McGregor",2025,NA,-1198601.1163525,NA
"STP1_2025_MCG","McGregor_2025","TX24M8148","McGregor",2025,NA,-1198631.94512634,NA
"STP1_2025_MCG","McGregor_2025","TX24M8157","McGregor",2025,NA,-1198663.78230975,NA
"STP1_2025_MCG","McGregor_2025","TX24M8194","McGregor",2025,NA,-1198626.06461881,NA
"STP1_2025_MCG","McGregor_2025","TX24M8280","McGregor",2025,NA,-1198642.49646132,NA
"STP1_2025_MCG","McGregor_2025","TX24M8329","McGregor",2025,NA,-1198601.27762128,NA
"STP1_2025_MCG","McGregor_2025","TX24M8333","McGregor",2025,NA,-1198613.58151071,NA
"STP1_2025_MCG","McGregor_2025","TX24M8335","McGregor",2025,NA,-1198603.9090044,NA
"STP1_2025_MCG","McGregor_2025","TX24M8340","McGregor",2025,NA,-1198597.9588723,NA
"STP1_2025_MCG","McGregor_2025","TX24M8343","McGregor",2025,NA,-1198616.61580887,NA
"STP1_2025_MCG","McGregor_2025","TX24M8346","McGregor",2025,NA,-1198630.40438274,NA
"STP1_2025_MCG","McGregor_2025","TX24M8354","McGregor",2025,NA,-1198608.05745123,NA
"STP1_2025_MCG","McGregor_2025","TX24M8369","McGregor",2025,NA,-1198634.0189227,NA
"STP1_2025_MCG","McGregor_2025","TX24M8390","McGregor",2025,NA,-1198670.58292061,NA
"STP1_2025_MCG","McGregor_2025","TX24M8394","McGregor",2025,NA,-1198604.61174019,NA
"STP1_2025_MCG","McGregor_2025","TX24M8396","McGregor",2025,NA,-1198602.17840399,NA
"STP1_2025_MCG","McGregor_2025","TX24M8397","McGregor",2025,NA,-1198587.10283552,NA
"STP1_2025_MCG","McGregor_2025","TX24M8398","McGregor",2025,NA,-1198586.31916545,NA
"STP1_2025_MCG","McGregor_2025","TX24M8399","McGregor",2025,NA,-1198586.82663867,NA
"STP1_2025_MCG","McGregor_2025","TX24M8401","McGregor",2025,NA,-1198586.86069468,NA
"STP1_2025_MCG","McGregor_2025","TX24M8408","McGregor",2025,NA,-1198587.88913526,NA
"STP1_2025_MCG","McGregor_2025","TX24M8411","McGregor",2025,NA,-1198589.76146017,NA
"STP1_2025_MCG","McGregor_2025","TX24M8412","McGregor",2025,NA,-1198589.05984959,NA
"STP1_2025_MCG","McGregor_2025","TX24M8416","McGregor",2025,NA,-1198603.4245423,NA
"STP1_2025_MCG","McGregor_2025","TX24M8419","McGregor",2025,NA,-1198612.10815279,NA
"STP1_2025_MCG","McGregor_2025","TX24M8433","McGregor",2025,NA,-1198612.77095699,NA
