LOC,STATE,location,YEAR,ENV
Davenport, WA,"Davenport,  WA",2024,Davenport_2024
Manhattan, KS,"Manhattan,  KS",2025,Manhattan_2025
Frankenmuth, MI,"Frankenmuth,  MI",2025,Frankenmuth_2025
Spooner, WI,"Spooner,  WI",2025,Spooner_2025
Ithaca, NY,"Ithaca,  NY",2025,Ithaca_2025
Crookston, MN,"Crookston,  MN",2024,Crookston_2024
Aurora, SD,"Aurora,  SD",2025,Aurora_2025
Urbana, IL,"Urbana,  IL",2025,Urbana_2025
McGregor, TX,"McGregor,  TX",2025,McGregor_2025
Aberdeen,ID,"Aberdeen, ID",2018,Aberdeen_2018
Aberdeen,ID,"Aberdeen, ID",2016,Aberdeen_2016
Aberdeen,ID,"Aberdeen, ID",2015,Aberdeen_2015
Aberdeen,ID,"Aberdeen, ID",2017,Aberdeen_2017
Aberdeen,ID,"Aberdeen, ID",2019,Aberdeen_2019
Aberdeen,ID,"Aberdeen, ID",2020,Aberdeen_2020
Addieville,IL,"Addieville, IL",2023,Addieville_2023
Akron,CO,"Akron, CO",2023,Akron_2023
Akron,CO,"Akron, CO",2011,Akron_2011
Akron,CO,"Akron, CO",2024,Akron_2024
Akron,CO,"Akron, CO",2008,Akron_2008
Akron,CO,"Akron, CO",2014,Akron_2014
Akron,CO,"Akron, CO",2013,Akron_2013
Akron,CO,"Akron, CO",2010,Akron_2010
Akron,CO,"Akron, CO",2009,Akron_2009
Akron,CO,"Akron, CO",2007,Akron_2007
Allegan County,MI,"Allegan County, MI",2024,Allegan County_2024
Allegan County,MI,"Allegan County, MI",2025,Allegan County_2025
Alliance,NE,"Alliance, NE",2023,Alliance_2023
Alliance,NE,"Alliance, NE",2011,Alliance_2011
Alliance,NE,"Alliance, NE",2024,Alliance_2024
Alliance,NE,"Alliance, NE",2008,Alliance_2008
Alliance,NE,"Alliance, NE",2014,Alliance_2014
Alliance,NE,"Alliance, NE",2013,Alliance_2013
Alliance,NE,"Alliance, NE",2010,Alliance_2010
Alliance,NE,"Alliance, NE",2009,Alliance_2009
Alliance,NE,"Alliance, NE",2007,Alliance_2007
Almira,WA,"Almira, WA",2017,Almira_2017
Almira,WA,"Almira, WA",2018,Almira_2018
Almira,WA,"Almira, WA",2019,Almira_2019
Almira,WA,"Almira, WA",2020,Almira_2020
Almira,WA,"Almira, WA",2021,Almira_2021
Almira,WA,"Almira, WA",2022,Almira_2022
Almira,WA,"Almira, WA",2015,Almira_2015
Anatone,WA,"Anatone, WA",2017,Anatone_2017
Anatone,WA,"Anatone, WA",2018,Anatone_2018
Anatone,WA,"Anatone, WA",2019,Anatone_2019
Anatone,WA,"Anatone, WA",2020,Anatone_2020
Anatone,WA,"Anatone, WA",2021,Anatone_2021
Anatone,WA,"Anatone, WA",2022,Anatone_2022
Anatone,WA,"Anatone, WA",2023,Anatone_2023
Archer,WY,"Archer, WY",2008,Archer_2008
Archer,WY,"Archer, WY",2014,Archer_2014
Archer,WY,"Archer, WY",2010,Archer_2010
Archer,WY,"Archer, WY",2009,Archer_2009
Archer,WY,"Archer, WY",2007,Archer_2007
Ardmore,OK,"Ardmore, OK",2013,Ardmore_2013
Arlington,WI,"Arlington, WI",2018,Arlington_2018
Aurora,SD,"Aurora, SD",2022,Aurora_2022
Aurora,SD,"Aurora, SD",2023,Aurora_2023
Balko,OK,"Balko, OK",2023,Balko_2023
Balko,OK,"Balko, OK",2024,Balko_2024
Battle Ground,IN,"Battle Ground, IN",2018,Battle Ground_2018
Battle Ground,IN,"Battle Ground, IN",2020,Battle Ground_2020
Bay,AR,"Bay, AR",2020,Bay_2020
Becker,MN,"Becker, MN",2020,Becker_2020
Belleville,IL,"Belleville, IL",2022,Belleville_2022
Belleville,IL,"Belleville, IL",2023,Belleville_2023
Beresford,SD,"Beresford, SD",2014,Beresford_2014
Beresford,SD,"Beresford, SD",2010,Beresford_2010
Beresford,SD,"Beresford, SD",2015,Beresford_2015
Beresford,SD,"Beresford, SD",2016,Beresford_2016
Beresford,SD,"Beresford, SD",2017,Beresford_2017
Bernie,MO,"Bernie, MO",2018,Bernie_2018
Bickleton,WA,"Bickleton, WA",2020,Bickleton_2020
Bickleton,WA,"Bickleton, WA",2021,Bickleton_2021
Bickleton,WA,"Bickleton, WA",2017,Bickleton_2017
Bickleton,WA,"Bickleton, WA",2018,Bickleton_2018
Bison,SD,"Bison, SD",2014,Bison_2014
Bison,SD,"Bison, SD",2010,Bison_2010
Bison,SD,"Bison, SD",2015,Bison_2015
Bison,SD,"Bison, SD",2016,Bison_2016
Bison,SD,"Bison, SD",2017,Bison_2017
Bison,SD,"Bison, SD",2018,Bison_2018
Blacksburg,VA,"Blacksburg, VA",2018,Blacksburg_2018
Blacksburg,VA,"Blacksburg, VA",2023,Blacksburg_2023
Blacksburg,VA,"Blacksburg, VA",2022,Blacksburg_2022
Blacksburg,VA,"Blacksburg, VA",2020,Blacksburg_2020
Bluffton,IN,"Bluffton, IN",2024,Bluffton_2024
Bonners Ferry,ID,"Bonners Ferry, ID",2015,Bonners Ferry_2015
Bonners Ferry,ID,"Bonners Ferry, ID",2016,Bonners Ferry_2016
Bonners Ferry,ID,"Bonners Ferry, ID",2017,Bonners Ferry_2017
Bonners Ferry,ID,"Bonners Ferry, ID",2018,Bonners Ferry_2018
Bonners Ferry,ID,"Bonners Ferry, ID",2020,Bonners Ferry_2020
Bozeman,MT,"Bozeman, MT",2014,Bozeman_2014
Bozeman,MT,"Bozeman, MT",2024,Bozeman_2024
Bozeman,MT,"Bozeman, MT",2022,Bozeman_2022
Brookings,SD,"Brookings, SD",2022,Brookings_2022
Brookings,SD,"Brookings, SD",2008,Brookings_2008
Brookings,SD,"Brookings, SD",2009,Brookings_2009
Brookings,SD,"Brookings, SD",2014,Brookings_2014
Brookings,SD,"Brookings, SD",2006,Brookings_2006
Brookings,SD,"Brookings, SD",2010,Brookings_2010
Brookings,SD,"Brookings, SD",2011,Brookings_2011
Brookings,SD,"Brookings, SD",2024,Brookings_2024
Brookings,SD,"Brookings, SD",2015,Brookings_2015
Brookings,SD,"Brookings, SD",2016,Brookings_2016
Brookings,SD,"Brookings, SD",2017,Brookings_2017
Brookings,SD,"Brookings, SD",2018,Brookings_2018
Brookings,SD,"Brookings, SD",2013,Brookings_2013
Brookings,SD,"Brookings, SD",2007,Brookings_2007
Burlington,CO,"Burlington, CO",2023,Burlington_2023
Burlington,CO,"Burlington, CO",2011,Burlington_2011
Burlington,CO,"Burlington, CO",2008,Burlington_2008
Burlington,CO,"Burlington, CO",2014,Burlington_2014
Burlington,CO,"Burlington, CO",2010,Burlington_2010
Burlington,CO,"Burlington, CO",2009,Burlington_2009
Burlington,CO,"Burlington, CO",2007,Burlington_2007
Bushland,TX,"Bushland, TX",2012,Bushland_2012
Bushland,TX,"Bushland, TX",2011,Bushland_2011
Bushland,TX,"Bushland, TX",2008,Bushland_2008
Bushland,TX,"Bushland, TX",2010,Bushland_2010
Bushland,TX,"Bushland, TX",2009,Bushland_2009
Bushland,TX,"Bushland, TX",2007,Bushland_2007
Bushland ,TX,"Bushland , TX",2022,Bushland - Irrigated_2022
Bushland ,TX,"Bushland , TX",2023,Bushland - Irrigated_2023
Bushland ,TX,"Bushland , TX",2011,Bushland - Irrigated_2011
Bushland ,TX,"Bushland , TX",2024,Bushland - Irrigated_2024
Bushland ,TX,"Bushland , TX",2008,Bushland - Irrigated_2008
Bushland ,TX,"Bushland , TX",2014,Bushland - Irrigated_2014
Bushland ,TX,"Bushland , TX",2010,Bushland - Irrigated_2010
Bushland ,TX,"Bushland , TX",2009,Bushland - Irrigated_2009
Bushland ,TX,"Bushland , TX",2007,Bushland - Irrigated_2007
Carmi,IL,"Carmi, IL",2019,Carmi_2019
Carrington,ND,"Carrington, ND",2011,Carrington_2011
Carrington,ND,"Carrington, ND",2012,Carrington_2012
Carrington,ND,"Carrington, ND",2013,Carrington_2013
Carrington,ND,"Carrington, ND",2014,Carrington_2014
Carrington,ND,"Carrington, ND",2015,Carrington_2015
Carrington,ND,"Carrington, ND",2017,Carrington_2017
Carrington,ND,"Carrington, ND",2018,Carrington_2018
Carrington,ND,"Carrington, ND",2007,Carrington_2007
Carrington,ND,"Carrington, ND",2008,Carrington_2008
Carrington,ND,"Carrington, ND",2009,Carrington_2009
Carrington,ND,"Carrington, ND",2020,Carrington_2020
Carrington,ND,"Carrington, ND",2010,Carrington_2010
Casselton,ND,"Casselton, ND",2020,Casselton_2020
Casselton,ND,"Casselton, ND",2024,Casselton_2024
Casselton,ND,"Casselton, ND",2022,Casselton_2022
Central,MI,"Central, MI",2024,Central_2024
Central,MI,"Central, MI",2025,Central_2025
Centralia,IL,"Centralia, IL",2024,Centralia_2024
Centralia,IL,"Centralia, IL",2025,Centralia_2025
Champaign,IL,"Champaign, IL",2018,Champaign_2018
Champaign,IL,"Champaign, IL",2020,Champaign_2020
Champaign,IL,"Champaign, IL",2024,Champaign_2024
Champaign,IL,"Champaign, IL",2025,Champaign_2025
Charleston,MO,"Charleston, MO",2024,Charleston_2024
Chillicothe,TX,"Chillicothe, TX",2022,Chillicothe_2022
Chillicothe,TX,"Chillicothe, TX",2023,Chillicothe_2023
Chillicothe,TX,"Chillicothe, TX",2024,Chillicothe_2024
Chillicothe,TX,"Chillicothe, TX",2008,Chillicothe_2008
Chillicothe,TX,"Chillicothe, TX",2014,Chillicothe_2014
Chillicothe,TX,"Chillicothe, TX",2010,Chillicothe_2010
Chillicothe,TX,"Chillicothe, TX",2007,Chillicothe_2007
Clarksville,MD,"Clarksville, MD",2018,Clarksville_2018
Clarksville,MD,"Clarksville, MD",2020,Clarksville_2020
Clay Center,NE,"Clay Center, NE",2011,Clay Center_2011
Clay Center,NE,"Clay Center, NE",2024,Clay Center_2024
Clay Center,NE,"Clay Center, NE",2008,Clay Center_2008
Clay Center,NE,"Clay Center, NE",2014,Clay Center_2014
Clay Center,NE,"Clay Center, NE",2013,Clay Center_2013
Clay Center,NE,"Clay Center, NE",2010,Clay Center_2010
Clay Center,NE,"Clay Center, NE",2009,Clay Center_2009
Clay Center,NE,"Clay Center, NE",2007,Clay Center_2007
Clayton,NC,"Clayton, NC",2018,Clayton_2018
Clovis,NM,"Clovis, NM",2011,Clovis_2011
Clovis,NM,"Clovis, NM",2008,Clovis_2008
Clovis,NM,"Clovis, NM",2010,Clovis_2010
Clovis,NM,"Clovis, NM",2009,Clovis_2009
Clovis,NM,"Clovis, NM",2007,Clovis_2007
Colby,KS,"Colby, KS",2022,Colby_2022
Colby,KS,"Colby, KS",2023,Colby_2023
Colby,KS,"Colby, KS",2018,Colby_2018
Colby,KS,"Colby, KS",2019,Colby_2019
Colby,KS,"Colby, KS",2020,Colby_2020
Colby,KS,"Colby, KS",2008,Colby_2008
Colby,KS,"Colby, KS",2014,Colby_2014
Colby,KS,"Colby, KS",2010,Colby_2010
Colby,KS,"Colby, KS",2009,Colby_2009
Colby,KS,"Colby, KS",2007,Colby_2007
College Station,TX,"College Station, TX",2022,College Station_2022
Colton,WA,"Colton, WA",2014,Colton_2014
Colton,WA,"Colton, WA",2015,Colton_2015
Colton,WA,"Colton, WA",2017,Colton_2017
Colton,WA,"Colton, WA",2018,Colton_2018
Colton,WA,"Colton, WA",2019,Colton_2019
Colton,WA,"Colton, WA",2020,Colton_2020
Colton,WA,"Colton, WA",2021,Colton_2021
Columbia,MO,"Columbia, MO",2011,Columbia_2011
Columbia,MO,"Columbia, MO",2008,Columbia_2008
Columbia,MO,"Columbia, MO",2014,Columbia_2014
Columbia,MO,"Columbia, MO",2013,Columbia_2013
Columbia,MO,"Columbia, MO",2009,Columbia_2009
Columbia,MO,"Columbia, MO",2007,Columbia_2007
Condon,OR,"Condon, OR",2016,Condon_2016
Connell,WA,"Connell, WA",2017,Connell_2017
Connell,WA,"Connell, WA",2018,Connell_2018
Connell,WA,"Connell, WA",2019,Connell_2019
Connell,WA,"Connell, WA",2020,Connell_2020
Connell,WA,"Connell, WA",2021,Connell_2021
Connell,WA,"Connell, WA",2022,Connell_2022
Connell,WA,"Connell, WA",2015,Connell_2015
Craigmont,ID,"Craigmont, ID",2015,Craigmont_2015
Craigmont,ID,"Craigmont, ID",2016,Craigmont_2016
Craigmont,ID,"Craigmont, ID",2017,Craigmont_2017
Craigmont,ID,"Craigmont, ID",2018,Craigmont_2018
Craigmont,ID,"Craigmont, ID",2019,Craigmont_2019
Craigmont,ID,"Craigmont, ID",2020,Craigmont_2020
Craigmont,ID,"Craigmont, ID",2021,Craigmont_2021
Crawfordsville,IA,"Crawfordsville, IA",2008,Crawfordsville_2008
Crawfordsville,IN,"Crawfordsville, IN",2024,Crawfordsville_2024
Crawfordsville,IA,"Crawfordsville, IA",2007,Crawfordsville_2007
Creston,WA,"Creston, WA",2017,Creston_2017
Creston,WA,"Creston, WA",2018,Creston_2018
Creston,WA,"Creston, WA",2019,Creston_2019
Creston,WA,"Creston, WA",2020,Creston_2020
Creston,WA,"Creston, WA",2021,Creston_2021
Creston,WA,"Creston, WA",2022,Creston_2022
Creston,WA,"Creston, WA",2023,Creston_2023
Creston,WA,"Creston, WA",2015,Creston_2015
Crookston,MN,"Crookston, MN",2013,Crookston_2013
Crookston,MN,"Crookston, MN",2015,Crookston_2015
Crookston,MN,"Crookston, MN",2016,Crookston_2016
Crookston,MN,"Crookston, MN",2017,Crookston_2017
Crookston,MN,"Crookston, MN",2014,Crookston_2014
Crookston,MN,"Crookston, MN",2023,Crookston_2023
Crookston,MN,"Crookston, MN",2022,Crookston_2022
Crookston,MN,"Crookston, MN",2009,Crookston_2009
Crookston,MN,"Crookston, MN",2010,Crookston_2010
Crookston,MN,"Crookston, MN",2011,Crookston_2011
Crookston,MN,"Crookston, MN",2012,Crookston_2012
Custar,OH,"Custar, OH",2018,Custar_2018
Custar,OH,"Custar, OH",2021,Custar_2021
Pierre,SD,"Pierre, SD",2022,Dakota Lakes_2022
Pierre,SD,"Pierre, SD",2011,Dakota Lakes_2011
Pierre,SD,"Pierre, SD",2024,Dakota Lakes_2024
Pierre,SD,"Pierre, SD",2016,Dakota Lakes_2016
Pierre,SD,"Pierre, SD",2008,Dakota Lakes_2008
Pierre,SD,"Pierre, SD",2023,Dakota Lakes_2023
Pierre,SD,"Pierre, SD",2013,Dakota Lakes_2013
Pierre,SD,"Pierre, SD",2010,Dakota Lakes_2010
Pierre,SD,"Pierre, SD",2007,Dakota Lakes_2007
Danforth,IL,"Danforth, IL",2020,Danforth_2020
Danforth,IL,"Danforth, IL",2021,Danforth_2021
Danforth,IL,"Danforth, IL",2023,Danforth_2023
Danforth,IL,"Danforth, IL",2019,Danforth_2019
Davenport,WA,"Davenport, WA",2022,Davenport_2022
Davenport,WA,"Davenport, WA",2023,Davenport_2023
Davenport,WA,"Davenport, WA",2025,Davenport_2025
Davenport,WA,"Davenport, WA",2024,Davenport_2024
Dayton,WA,"Dayton, WA",2014,Dayton_2014
Dayton,WA,"Dayton, WA",2015,Dayton_2015
Dayton,WA,"Dayton, WA",2017,Dayton_2017
Dayton,WA,"Dayton, WA",2018,Dayton_2018
Dayton,WA,"Dayton, WA",2019,Dayton_2019
Dayton,WA,"Dayton, WA",2020,Dayton_2020
Dayton,WA,"Dayton, WA",2021,Dayton_2021
Dickinson,ND,"Dickinson, ND",2011,Dickinson_2011
Dickinson,ND,"Dickinson, ND",2012,Dickinson_2012
Dickinson,ND,"Dickinson, ND",2013,Dickinson_2013
Dickinson,ND,"Dickinson, ND",2014,Dickinson_2014
Dickinson,ND,"Dickinson, ND",2015,Dickinson_2015
Dickinson,ND,"Dickinson, ND",2016,Dickinson_2016
Dickinson,ND,"Dickinson, ND",2017,Dickinson_2017
Dickinson,ND,"Dickinson, ND",2018,Dickinson_2018
Dickinson,ND,"Dickinson, ND",2007,Dickinson_2007
Dickinson,ND,"Dickinson, ND",2008,Dickinson_2008
Dickinson,ND,"Dickinson, ND",2009,Dickinson_2009
Dickinson,ND,"Dickinson, ND",2020,Dickinson_2020
Douglas,WA,"Douglas, WA",2023,Douglas_2023
Dusty,WA,"Dusty, WA",2017,Dusty_2017
Dusty,WA,"Dusty, WA",2015,Dusty_2015
Dusty,WA,"Dusty, WA",2018,Dusty_2018
Dusty,WA,"Dusty, WA",2019,Dusty_2019
Dusty,WA,"Dusty, WA",2020,Dusty_2020
Dusty,WA,"Dusty, WA",2021,Dusty_2021
Elkville,IL,"Elkville, IL",2023,Elkville_2023
Enid,OK,"Enid, OK",2014,Enid_2014
Eureka,WA,"Eureka, WA",2017,Eureka_2017
Eureka,WA,"Eureka, WA",2022,Eureka_2022
Eureka,WA,"Eureka, WA",2023,Eureka_2023
Eureka,WA,"Eureka, WA",2018,Eureka_2018
Eureka,WA,"Eureka, WA",2019,Eureka_2019
Eureka,WA,"Eureka, WA",2020,Eureka_2020
Eureka,WA,"Eureka, WA",2021,Eureka_2021
Fairfield,WA,"Fairfield, WA",2014,Fairfield_2014
Fairfield,WA,"Fairfield, WA",2017,Fairfield_2017
Fairfield,WA,"Fairfield, WA",2018,Fairfield_2018
Fairfield,WA,"Fairfield, WA",2019,Fairfield_2019
Fairfield,WA,"Fairfield, WA",2020,Fairfield_2020
Fairfield,WA,"Fairfield, WA",2021,Fairfield_2021
Faith,SD,"Faith, SD",2016,Faith_2016
Faith,SD,"Faith, SD",2017,Faith_2017
Faith,SD,"Faith, SD",2018,Faith_2018
Farmington,NM,"Farmington, NM",2011,Farmington_2011
Farmington,NM,"Farmington, NM",2008,Farmington_2008
Farmington,NM,"Farmington, NM",2014,Farmington_2014
Farmington,WA,"Farmington, WA",2014,Farmington_2014
Farmington,WA,"Farmington, WA",2015,Farmington_2015
Farmington,WA,"Farmington, WA",2018,Farmington_2018
Farmington,WA,"Farmington, WA",2019,Farmington_2019
Farmington,WA,"Farmington, WA",2020,Farmington_2020
Farmington,WA,"Farmington, WA",2021,Farmington_2021
Farmington,NM,"Farmington, NM",2013,Farmington_2013
Farmington,NM,"Farmington, NM",2010,Farmington_2010
Farmington,NM,"Farmington, NM",2009,Farmington_2009
Farmington,NM,"Farmington, NM",2007,Farmington_2007
Fergus Falls,MN,"Fergus Falls, MN",2023,Fergus Falls_2023
Fergus Falls,MN,"Fergus Falls, MN",2022,Fergus Falls_2022
Forman,ND,"Forman, ND",2011,Forman_2011
Forman,ND,"Forman, ND",2012,Forman_2012
Forman,ND,"Forman, ND",2013,Forman_2013
Forman,ND,"Forman, ND",2014,Forman_2014
Forman,ND,"Forman, ND",2015,Forman_2015
Forman,ND,"Forman, ND",2010,Forman_2010
Fort Cobb,OK,"Fort Cobb, OK",2011,Fort Cobb_2011
Fort Cobb,OK,"Fort Cobb, OK",2008,Fort Cobb_2008
Fort Cobb,OK,"Fort Cobb, OK",2010,Fort Cobb_2010
Fort Cobb,OK,"Fort Cobb, OK",2009,Fort Cobb_2009
Fort Cobb,OK,"Fort Cobb, OK",2007,Fort Cobb_2007
Fort Collins,CO,"Fort Collins, CO",2013,Fort Collins_2013
Fort Collins,CO,"Fort Collins, CO",2022,Fort Collins_2022
Fort Collins,CO,"Fort Collins, CO",2023,Fort Collins_2023
Fort Collins,CO,"Fort Collins, CO",2011,Fort Collins_2011
Fort Collins,CO,"Fort Collins, CO",2024,Fort Collins_2024
Fort Collins,CO,"Fort Collins, CO",2008,Fort Collins_2008
Fort Collins,CO,"Fort Collins, CO",2014,Fort Collins_2014
Fort Collins,CO,"Fort Collins, CO",2010,Fort Collins_2010
Fort Collins,CO,"Fort Collins, CO",2009,Fort Collins_2009
Fort Collins,CO,"Fort Collins, CO",2007,Fort Collins_2007
Frankenmuth,MI,"Frankenmuth, MI",2024,Frankenmuth_2024
Frankenmuth,MI,"Frankenmuth, MI",2023,Frankenmuth_2023
Frankenmuth,MI,"Frankenmuth, MI",2023,Frankenmuth_2023
Frankenmuth,MI,"Frankenmuth, MI",2018,Frankenmuth_2018
Frankenmuth,MI,"Frankenmuth, MI",2019,Frankenmuth_2019
Frankenmuth,MI,"Frankenmuth, MI",2020,Frankenmuth_2020
Frankenmuth,MI,"Frankenmuth, MI",2021,Frankenmuth_2021
Frankenmuth,MI,"Frankenmuth, MI",2025,Frankenmuth_2025
Fremont,OH,"Fremont, OH",2020,Fremont_2020
Fremont,OH,"Fremont, OH",2023,Fremont_2023
Fremont,OH,"Fremont, OH",2021,Fremont_2021
Garden City,KS,"Garden City, KS",2024,Garden City_2024
Garden City,KS,"Garden City, KS",2013,Garden City_2013
Garden City,KS,"Garden City, KS",2010,Garden City_2010
Garden City,KS,"Garden City, KS",2009,Garden City_2009
Garden City,KS,"Garden City, KS",2007,Garden City_2007
Geddes,SD,"Geddes, SD",2016,Geddes_2016
Geddes,SD,"Geddes, SD",2017,Geddes_2017
Geddes,SD,"Geddes, SD",2018,Geddes_2018
Genesee,ID,"Genesee, ID",2015,Genesee_2015
Genesee,ID,"Genesee, ID",2016,Genesee_2016
Genesee,ID,"Genesee, ID",2017,Genesee_2017
Genesee,ID,"Genesee, ID",2018,Genesee_2018
Genesee,ID,"Genesee, ID",2019,Genesee_2019
Genesee,ID,"Genesee, ID",2020,Genesee_2020
Genesee,ID,"Genesee, ID",2021,Genesee_2021
Goehner,NE,"Goehner, NE",2022,Goehner_2022
Goehner,NE,"Goehner, NE",2023,Goehner_2023
Goodwell,OK,"Goodwell, OK",2011,Goodwell_2011
Goodwell,OK,"Goodwell, OK",2008,Goodwell_2008
Goodwell,OK,"Goodwell, OK",2014,Goodwell_2014
Goodwell,OK,"Goodwell, OK",2013,Goodwell_2013
Goodwell,OK,"Goodwell, OK",2010,Goodwell_2010
Goodwell,OK,"Goodwell, OK",2009,Goodwell_2009
Goodwell,OK,"Goodwell, OK",2007,Goodwell_2007
Granite,OK,"Granite, OK",2014,Granite_2014
Granite,OK,"Granite, OK",2013,Granite_2013
Greeley,CO,"Greeley, CO",2012,Greeley_2012
Greeley,CO,"Greeley, CO",2023,Greeley_2023
Hallock,MN,"Hallock, MN",2023,Hallock_2023
Hallock,MN,"Hallock, MN",2022,Hallock_2022
Hamel,IL,"Hamel, IL",2024,Hamel_2024
Hamel,IL,"Hamel, IL",2025,Hamel_2025
Hampshire,IL,"Hampshire, IL",2023,Hampshire_2023
Harrington,WA,"Harrington, WA",2017,Harrington_2017
Harrington,WA,"Harrington, WA",2018,Harrington_2018
Harrington,WA,"Harrington, WA",2020,Harrington_2020
Harrington,WA,"Harrington, WA",2021,Harrington_2021
Harrington,WA,"Harrington, WA",2022,Harrington_2022
Harrington,WA,"Harrington, WA",2023,Harrington_2023
Harrington,WA,"Harrington, WA",2024,Harrington_2024
Hayes,SD,"Hayes, SD",2008,Hayes_2008
Hayes,SD,"Hayes, SD",2009,Hayes_2009
Hayes,SD,"Hayes, SD",2010,Hayes_2010
Hayes,SD,"Hayes, SD",2015,Hayes_2015
Hayes,SD,"Hayes, SD",2016,Hayes_2016
Hayes,SD,"Hayes, SD",2018,Hayes_2018
Hays,KS,"Hays, KS",2013,Hays_2013
Hays,KS,"Hays, KS",2022,Hays_2022
Hays,KS,"Hays, KS",2023,Hays_2023
Hays,KS,"Hays, KS",2011,Hays_2011
Hays,KS,"Hays, KS",2008,Hays_2008
Hays,KS,"Hays, KS",2014,Hays_2014
Hays,KS,"Hays, KS",2010,Hays_2010
Hays,KS,"Hays, KS",2009,Hays_2009
Helix,OR,"Helix, OR",2016,Helix_2016
Henderson,KY,"Henderson, KY",2024,Henderson_2024
Henderson,KY,"Henderson, KY",2025,Henderson_2025
Hermiston,OR,"Hermiston, OR",2016,Hermiston_2016
Hermiston,OR,"Hermiston, OR",2017,Hermiston_2017
Hettinger,ND,"Hettinger, ND",2012,Hettinger_2012
Hettinger,ND,"Hettinger, ND",2014,Hettinger_2014
Hettinger,ND,"Hettinger, ND",2015,Hettinger_2015
Hettinger,ND,"Hettinger, ND",2016,Hettinger_2016
Hettinger,ND,"Hettinger, ND",2017,Hettinger_2017
Hettinger,ND,"Hettinger, ND",2018,Hettinger_2018
Hettinger,ND,"Hettinger, ND",2007,Hettinger_2007
Hettinger,ND,"Hettinger, ND",2008,Hettinger_2008
Hettinger,ND,"Hettinger, ND",2009,Hettinger_2009
Hettinger,ND,"Hettinger, ND",2010,Hettinger_2010
Highland,IL,"Highland, IL",2018,Highland_2018
Highland,IL,"Highland, IL",2020,Highland_2020
Highmore,SD,"Highmore, SD",2006,Highmore_2006
Hopkinsville,KY,"Hopkinsville, KY",2024,Hopkinsville_2024
Hopkinsville,KY,"Hopkinsville, KY",2025,Hopkinsville_2025
Horse Heaven,WA,"Horse Heaven, WA",2017,Horse Heaven_2017
Horse Heaven,WA,"Horse Heaven, WA",2018,Horse Heaven_2018
Horse Heaven,WA,"Horse Heaven, WA",2020,Horse Heaven_2020
Horse Heaven,WA,"Horse Heaven, WA",2021,Horse Heaven_2021
Horse Heaven,WA,"Horse Heaven, WA",2022,Horse Heaven_2022
Horse Heaven,WA,"Horse Heaven, WA",2023,Horse Heaven_2023
Huron County,MI,"Huron County, MI",2023,Huron County_2023
Huron County,MI,"Huron County, MI",2021,Huron County_2021
Huron County,MI,"Huron County, MI",2024,Huron County_2024
Huron County,MI,"Huron County, MI",2025,Huron County_2025
Hutchinson,KS,"Hutchinson, KS",2022,Hutchinson_2022
Hutchinson,KS,"Hutchinson, KS",2023,Hutchinson_2023
Hutchinson,KS,"Hutchinson, KS",2011,Hutchinson_2011
Hutchinson,KS,"Hutchinson, KS",2013,Hutchinson_2013
Hutchinson,KS,"Hutchinson, KS",2010,Hutchinson_2010
Ithaca,NY,"Ithaca, NY",2018,Ithaca_2018
Ithaca,NY,"Ithaca, NY",2012,Ithaca_2012
Ithaca,NY,"Ithaca, NY",2023,Ithaca_2023
Ithaca,NY,"Ithaca, NY",2020,Ithaca_2020
Ithaca ,NY,"Ithaca , NY",2016,Ithaca - Helfer_2016
Ithaca ,NY,"Ithaca , NY",2016,Ithaca - Ketola_2016
Ithaca ,NY,"Ithaca , NY",2016,Ithaca - Snyder_2016
Ithaca ,NY,"Ithaca , NY",2021,Ithaca - Snyder_2021
Ithaca ,NY,"Ithaca , NY",2018,Ithaca - Helfer_2018
Ithaca ,NY,"Ithaca , NY",2020,Ithaca - Helfer_2020
Ithaca ,NY,"Ithaca , NY",2018,Ithaca - Ketola_2018
Ithaca ,NY,"Ithaca , NY",2019,Ithaca - Ketola_2019
Julesburg,CO,"Julesburg, CO",2022,Julesburg_2022
Julesburg,CO,"Julesburg, CO",2023,Julesburg_2023
Julesburg,CO,"Julesburg, CO",2011,Julesburg_2011
Julesburg,CO,"Julesburg, CO",2024,Julesburg_2024
Julesburg,CO,"Julesburg, CO",2008,Julesburg_2008
Julesburg,CO,"Julesburg, CO",2014,Julesburg_2014
Julesburg,CO,"Julesburg, CO",2013,Julesburg_2013
Julesburg,CO,"Julesburg, CO",2009,Julesburg_2009
Julesburg,CO,"Julesburg, CO",2007,Julesburg_2007
Kahlotus,WA,"Kahlotus, WA",2024,Kahlotus_2024
Kahlotus,WA,"Kahlotus, WA",2025,Kahlotus_2025
Kaseberg,OR,"Kaseberg, OR",2016,Kaseberg_2016
Kaseberg,OR,"Kaseberg, OR",2017,Kaseberg_2017
Kennebec,SD,"Kennebec, SD",2008,Kennebec_2008
Kennebec,SD,"Kennebec, SD",2009,Kennebec_2009
Kennebec,SD,"Kennebec, SD",2014,Kennebec_2014
Kennebec,SD,"Kennebec, SD",2010,Kennebec_2010
Kennebec,SD,"Kennebec, SD",2015,Kennebec_2015
Kennebec,SD,"Kennebec, SD",2016,Kennebec_2016
Kimball,MN,"Kimball, MN",2019,Kimball_2019
Kimball,MN,"Kimball, MN",2015,Kimball_2015
Kimball,MN,"Kimball, MN",2016,Kimball_2016
Kimball,MN,"Kimball, MN",2018,Kimball_2018
Kimberly,ID,"Kimberly, ID",2016,Kimberly_2016
Kimberly,ID,"Kimberly, ID",2015,Kimberly_2015
Kimberly,ID,"Kimberly, ID",2017,Kimberly_2017
Kimberly,ID,"Kimberly, ID",2018,Kimberly_2018
Kimberly,ID,"Kimberly, ID",2019,Kimberly_2019
Kimberly,ID,"Kimberly, ID",2020,Kimberly_2020
Knoxville,TN,"Knoxville, TN",2018,Knoxville_2018
Knoxville,TN,"Knoxville, TN",2020,Knoxville_2020
La Grande,OR,"La Grande, OR",2016,La Grande_2016
La Grande,OR,"La Grande, OR",2017,La Grande_2017
Lafayette,IN,"Lafayette, IN",2018,Lafayette_2018
Lafayette,IN,"Lafayette, IN",2020,Lafayette_2020
Lahoma,OK,"Lahoma, OK",2022,Lahoma_2022
Lahoma,OK,"Lahoma, OK",2023,Lahoma_2023
Lahoma,OK,"Lahoma, OK",2011,Lahoma_2011
Lahoma,OK,"Lahoma, OK",2024,Lahoma_2024
Lahoma,OK,"Lahoma, OK",2008,Lahoma_2008
Lahoma,OK,"Lahoma, OK",2014,Lahoma_2014
Lahoma,OK,"Lahoma, OK",2013,Lahoma_2013
Lahoma,OK,"Lahoma, OK",2010,Lahoma_2010
Lahoma,OK,"Lahoma, OK",2009,Lahoma_2009
Lamberton,MN,"Lamberton, MN",2019,Lamberton_2019
Lamberton,MN,"Lamberton, MN",2015,Lamberton_2015
Lamberton,MN,"Lamberton, MN",2016,Lamberton_2016
Lamberton,MN,"Lamberton, MN",2017,Lamberton_2017
Lamberton,MN,"Lamberton, MN",2020,Lamberton_2020
Lamberton,MN,"Lamberton, MN",2009,Lamberton_2009
Lamberton,MN,"Lamberton, MN",2010,Lamberton_2010
Lamberton,MN,"Lamberton, MN",2014,Lamberton_2014
Lamont,WA,"Lamont, WA",2019,Lamont_2019
Lamont,WA,"Lamont, WA",2020,Lamont_2020
Lamont,WA,"Lamont, WA",2021,Lamont_2021
Lamont,WA,"Lamont, WA",2022,Lamont_2022
Lamont,WA,"Lamont, WA",2023,Lamont_2023
Lamont,WA,"Lamont, WA",2015,Lamont_2015
Langdon,ND,"Langdon, ND",2011,Langdon_2011
Langdon,ND,"Langdon, ND",2012,Langdon_2012
Langdon,ND,"Langdon, ND",2013,Langdon_2013
Langdon,ND,"Langdon, ND",2014,Langdon_2014
Langdon,ND,"Langdon, ND",2015,Langdon_2015
Langdon,ND,"Langdon, ND",2016,Langdon_2016
Langdon,ND,"Langdon, ND",2017,Langdon_2017
Langdon,ND,"Langdon, ND",2007,Langdon_2007
Langdon,ND,"Langdon, ND",2008,Langdon_2008
Langdon,ND,"Langdon, ND",2009,Langdon_2009
Langdon,ND,"Langdon, ND",2020,Langdon_2020
Langdon,ND,"Langdon, ND",2010,Langdon_2010
Le Center,MN,"Le Center, MN",2019,Le Center_2019
Le Center,MN,"Le Center, MN",2013,Le Center_2013
Le Center,MN,"Le Center, MN",2015,Le Center_2015
Le Center,MN,"Le Center, MN",2016,Le Center_2016
Le Center,MN,"Le Center, MN",2017,Le Center_2017
Le Center,MN,"Le Center, MN",2018,Le Center_2018
Le Center,MN,"Le Center, MN",2014,Le Center_2014
Lenawee County,MI,"Lenawee County, MI",2021,Lenawee County_2021
Lewiston,ID,"Lewiston, ID",2015,Lewiston_2015
Lewiston,ID,"Lewiston, ID",2016,Lewiston_2016
Lewiston,ID,"Lewiston, ID",2017,Lewiston_2017
Lewiston,ID,"Lewiston, ID",2018,Lewiston_2018
Lewiston,ID,"Lewiston, ID",2019,Lewiston_2019
Lewiston,ID,"Lewiston, ID",2020,Lewiston_2020
Lewiston,ID,"Lewiston, ID",2021,Lewiston_2021
Lexington,KY,"Lexington, KY",2017,Lexington_2017
Lexington,OR,"Lexington, OR",2016,Lexington_2016
Lexington,OR,"Lexington, OR",2017,Lexington_2017
Lima,OH,"Lima, OH",2024,Lima_2024
Lincoln,NE,"Lincoln, NE",2018,Lincoln_2018
Lincoln,NE,"Lincoln, NE",2022,Lincoln_2022
Lincoln,NE,"Lincoln, NE",2020,Lincoln_2020
Lincoln,NE,"Lincoln, NE",2011,Lincoln_2011
Lincoln,NE,"Lincoln, NE",2024,Lincoln_2024
Lincoln,NE,"Lincoln, NE",2008,Lincoln_2008
Lincoln,NE,"Lincoln, NE",2014,Lincoln_2014
Lincoln,NE,"Lincoln, NE",2013,Lincoln_2013
Lincoln,NE,"Lincoln, NE",2010,Lincoln_2010
Lincoln,NE,"Lincoln, NE",2009,Lincoln_2009
Lincoln,NE,"Lincoln, NE",2007,Lincoln_2007
Lind,WA,"Lind, WA",2017,Lind_2017
Lind,WA,"Lind, WA",2018,Lind_2018
Lind,WA,"Lind, WA",2019,Lind_2019
Lind,WA,"Lind, WA",2020,Lind_2020
Lind,WA,"Lind, WA",2021,Lind_2021
Lind,WA,"Lind, WA",2022,Lind_2022
Lind,WA,"Lind, WA",2023,Lind_2023
Lind,WA,"Lind, WA",2024,Lind_2024
Lind,WA,"Lind, WA",2025,Lind_2025
Lind,WA,"Lind, WA",2015,Lind_2015
Lisbon,ND,"Lisbon, ND",2007,Lisbon_2007
Lisbon,ND,"Lisbon, ND",2008,Lisbon_2008
Lisbon,ND,"Lisbon, ND",2009,Lisbon_2009
Logan Co,KY,"Logan Co, KY",2018,Logan Co_2018
Logan Co,KY,"Logan Co, KY",2020,Logan Co_2020
Lunds Valley,ND,"Lunds Valley, ND",2024,Lunds Valley_2024
Madison,WI,"Madison, WI",2020,Madison_2020
Madison,WI,"Madison, WI",2023,Madison_2023
Madras,OR,"Madras, OR",2016,Madras_2016
Madras,OR,"Madras, OR",2017,Madras_2017
Maize,KS,"Maize, KS",2024,Maize_2024
Mandan,ND,"Mandan, ND",2011,Mandan_2011
Mandan,ND,"Mandan, ND",2012,Mandan_2012
Mandan,ND,"Mandan, ND",2007,Mandan_2007
Mandan,ND,"Mandan, ND",2008,Mandan_2008
Mandan,ND,"Mandan, ND",2009,Mandan_2009
Mandan,ND,"Mandan, ND",2010,Mandan_2010
Manhattan,KS,"Manhattan, KS",2012,Manhattan_2012
Manhattan,KS,"Manhattan, KS",2022,Manhattan_2022
Manhattan,KS,"Manhattan, KS",2023,Manhattan_2023
Manhattan,KS,"Manhattan, KS",2011,Manhattan_2011
Manhattan,KS,"Manhattan, KS",2024,Manhattan_2024
Manhattan,KS,"Manhattan, KS",2014,Manhattan_2014
Manhattan,KS,"Manhattan, KS",2013,Manhattan_2013
Marianna,AR,"Marianna, AR",2020,Marianna_2020
Martin,SD,"Martin, SD",2008,Martin_2008
Martin,SD,"Martin, SD",2014,Martin_2014
Martin,SD,"Martin, SD",2006,Martin_2006
Martin,SD,"Martin, SD",2015,Martin_2015
Martin,SD,"Martin, SD",2016,Martin_2016
Martin,SD,"Martin, SD",2017,Martin_2017
Martin,SD,"Martin, SD",2018,Martin_2018
Mascoutah,IL,"Mascoutah, IL",2024,Mascoutah_2024
Mason,MI,"Mason, MI",2020,Mason_2020
Mason,MI,"Mason, MI",2018,Mason_2018
Mason,MI,"Mason, MI",2024,Mason_2024
Mason,MI,"Mason, MI",2025,Mason_2025
Mason,MI,"Mason, MI",2023,Mason_2023
Mason,MI,"Mason, MI",2019,Mason_2019
Mason,MI,"Mason, MI",2021,Mason_2021
Mayview,WA,"Mayview, WA",2014,Mayview_2014
Mayview,WA,"Mayview, WA",2015,Mayview_2015
Mayview,WA,"Mayview, WA",2017,Mayview_2017
Mayview,WA,"Mayview, WA",2018,Mayview_2018
Mayview,WA,"Mayview, WA",2019,Mayview_2019
Mayview,WA,"Mayview, WA",2020,Mayview_2020
Mayview,WA,"Mayview, WA",2021,Mayview_2021
McGregor,TX,"McGregor, TX",2022,McGregor_2022
McGregor,TX,"McGregor, TX",2023,McGregor_2023
McLaughlin,SD,"McLaughlin, SD",2014,McLaughlin_2014
McLaughlin,SD,"McLaughlin, SD",2015,McLaughlin_2015
Mexico,MO,"Mexico, MO",2024,Mexico_2024
Milan,TN,"Milan, TN",2018,Milan_2018
Milan,TN,"Milan, TN",2020,Milan_2020
Milton,OR,"Milton, OR",2016,Milton-Freewater_2016
Minot,ND,"Minot, ND",2011,Minot_2011
Minot,ND,"Minot, ND",2012,Minot_2012
Minot,ND,"Minot, ND",2013,Minot_2013
Minot,ND,"Minot, ND",2014,Minot_2014
Minot,ND,"Minot, ND",2015,Minot_2015
Minot,ND,"Minot, ND",2016,Minot_2016
Minot,ND,"Minot, ND",2017,Minot_2017
Minot,ND,"Minot, ND",2018,Minot_2018
Minot,ND,"Minot, ND",2009,Minot_2009
Minot,ND,"Minot, ND",2020,Minot_2020
Minot,ND,"Minot, ND",2022,Minot_2022
Moccasin,MT,"Moccasin, MT",2014,Moccasin_2014
Moccasin,MT,"Moccasin, MT",2024,Moccasin_2024
Moccasin,MT,"Moccasin, MT",2022,Moccasin_2022
Moccasin,MT,"Moccasin, MT",2023,Moccasin_2023
Monroe County,MI,"Monroe County, MI",2023,Monroe County_2023
Monroe County,MI,"Monroe County, MI",2024,Monroe County_2024
Monroe County,MI,"Monroe County, MI",2025,Monroe County_2025
Moro,OR,"Moro, OR",2016,Moro_2016
Morris,MN,"Morris, MN",2022,Morris_2022
Moscow,ID,"Moscow, ID",2015,Moscow_2015
Moscow,ID,"Moscow, ID",2016,Moscow_2016
Moscow,ID,"Moscow, ID",2018,Moscow_2018
Moscow,ID,"Moscow, ID",2019,Moscow_2019
Moscow,ID,"Moscow, ID",2020,Moscow_2020
Moses Lake,WA,"Moses Lake, WA",2014,Moses Lake_2014
Moses Lake,WA,"Moses Lake, WA",2015,Moses Lake_2015
Moses Lake,WA,"Moses Lake, WA",2017,Moses Lake_2017
Moses Lake,WA,"Moses Lake, WA",2018,Moses Lake_2018
Moses Lake,WA,"Moses Lake, WA",2019,Moses Lake_2019
Moses Lake,WA,"Moses Lake, WA",2020,Moses Lake_2020
Moses Lake,WA,"Moses Lake, WA",2021,Moses Lake_2021
Mt Vernon,SD,"Mt Vernon, SD",2018,Mt Vernon_2018
Mt Vernon,WA,"Mt Vernon, WA",2014,Mt Vernon_2014
Mt Vernon,WA,"Mt Vernon, WA",2016,Mt Vernon_2016
Mt Vernon,WA,"Mt Vernon, WA",2017,Mt Vernon_2017
Mt Vernon,WA,"Mt Vernon, WA",2018,Mt Vernon_2018
Mt Vernon,WA,"Mt Vernon, WA",2019,Mt Vernon_2019
Napoleon,OH,"Napoleon, OH",2018,Napoleon_2018
Napoleon,OH,"Napoleon, OH",2020,Napoleon_2020
Napoleon,OH,"Napoleon, OH",2024,Napoleon_2024
Napoleon,OH,"Napoleon, OH",2025,Napoleon_2025
Neoga,IL,"Neoga, IL",2020,Neoga_2020
Neoga,ON,"Neoga, ON",2018,Neoga_2018
Neoga,ON,"Neoga, ON",2020,Neoga_2020
Neoga,IL,"Neoga, IL",2021,Neoga_2021
Neoga,IL,"Neoga, IL",2022,Neoga_2022
Neoga,IL,"Neoga, IL",2023,Neoga_2023
New Haven,IN,"New Haven, IN",2018,New Haven_2018
Newport,AR,"Newport, AR",2018,Newport_2018
North Platte,NE,"North Platte, NE",2022,North Platte_2022
North Platte,NE,"North Platte, NE",2011,North Platte_2011
North Platte,NE,"North Platte, NE",2024,North Platte_2024
North Platte,NE,"North Platte, NE",2008,North Platte_2008
North Platte,NE,"North Platte, NE",2014,North Platte_2014
North Platte,NE,"North Platte, NE",2010,North Platte_2010
North Platte,NE,"North Platte, NE",2009,North Platte_2009
North Platte,NE,"North Platte, NE",2007,North Platte_2007
North Willamette,OR,"North Willamette, OR",2016,North Willamette_2016
North Willamette,OR,"North Willamette, OR",2017,North Willamette_2017
Oelrichs,SD,"Oelrichs, SD",2006,Oelrichs_2006
Oklee,MN,"Oklee, MN",2022,Oklee_2022
Onida,SD,"Onida, SD",2008,Onida_2008
Onida,SD,"Onida, SD",2009,Onida_2009
Onida,SD,"Onida, SD",2014,Onida_2014
Onida,SD,"Onida, SD",2010,Onida_2010
Onida,SD,"Onida, SD",2015,Onida_2015
Onida,SD,"Onida, SD",2016,Onida_2016
Onida,SD,"Onida, SD",2017,Onida_2017
Parma,ID,"Parma, ID",2016,Parma_2016
Parma,ID,"Parma, ID",2017,Parma_2017
Parma,ID,"Parma, ID",2020,Parma_2020
Pasco,WA,"Pasco, WA",2017,Pasco_2017
Pasco,WA,"Pasco, WA",2018,Pasco_2018
Pasco,WA,"Pasco, WA",2019,Pasco_2019
Pasco,WA,"Pasco, WA",2021,Pasco_2021
Pendleton,OR,"Pendleton, OR",2016,Pendleton_2016
Pendleton,OR,"Pendleton, OR",2017,Pendleton_2017
Perley,MN,"Perley, MN",2023,Perley_2023
Perley,MN,"Perley, MN",2022,Perley_2022
Perry,IL,"Perry, IL",2023,Perry_2023
Pierre,SD,"Pierre, SD",2008,Pierre_2008
Pierre,SD,"Pierre, SD",2009,Pierre_2009
Pierre,SD,"Pierre, SD",2014,Pierre_2014
Pierre,SD,"Pierre, SD",2010,Pierre_2010
Pierre,SD,"Pierre, SD",2017,Pierre_2017
Pierre,SD,"Pierre, SD",2018,Pierre_2018
Pine Bluffs,WY,"Pine Bluffs, WY",2014,Pine Bluffs_2014
Plains,GA,"Plains, GA",2018,Plains_2018
Plankinton,SD,"Plankinton, SD",2014,Plankinton_2014
Platte,SD,"Platte, SD",2008,Platte_2008
Platte,SD,"Platte, SD",2009,Platte_2009
Platte,SD,"Platte, SD",2010,Platte_2010
Pomeroy,WA,"Pomeroy, WA",2016,Pomeroy_2016
Pomeroy,WA,"Pomeroy, WA",2017,Pomeroy_2017
Princeton,KY,"Princeton, KY",2023,Princeton_2023
Prosper,TX,"Prosper, TX",2022,Prosper_2022
Prosper,TX,"Prosper, TX",2011,Prosper_2011
Prosper,ND,"Prosper, ND",2011,Prosper_2011
Prosper,ND,"Prosper, ND",2012,Prosper_2012
Prosper,ND,"Prosper, ND",2013,Prosper_2013
Prosper,ND,"Prosper, ND",2014,Prosper_2014
Prosper,ND,"Prosper, ND",2016,Prosper_2016
Prosper,ND,"Prosper, ND",2018,Prosper_2018
Prosper,TX,"Prosper, TX",2008,Prosper_2008
Prosper,ND,"Prosper, ND",2007,Prosper_2007
Prosper,ND,"Prosper, ND",2008,Prosper_2008
Prosper,ND,"Prosper, ND",2009,Prosper_2009
Prosper,TX,"Prosper, TX",2010,Prosper_2010
Prosper,ND,"Prosper, ND",2010,Prosper_2010
Prosper,TX,"Prosper, TX",2007,Prosper_2007
Pullman,WA,"Pullman, WA",2022,Pullman_2022
Pullman,WA,"Pullman, WA",2023,Pullman_2023
Pullman,WA,"Pullman, WA",2024,Pullman_2024
Pullman,WA,"Pullman, WA",2014,Pullman_2014
Pullman,WA,"Pullman, WA",2015,Pullman_2015
Pullman,WA,"Pullman, WA",2017,Pullman_2017
Pullman,WA,"Pullman, WA",2018,Pullman_2018
Pullman,WA,"Pullman, WA",2019,Pullman_2019
Pullman,WA,"Pullman, WA",2020,Pullman_2020
Pullman,WA,"Pullman, WA",2021,Pullman_2021
Pullman,WA,"Pullman, WA",2025,Pullman_2025
Raleigh,NC,"Raleigh, NC",2018,Raleigh_2018
Raleigh,NC,"Raleigh, NC",2020,Raleigh_2020
Reardan,WA,"Reardan, WA",2017,Reardan_2017
Reardan,WA,"Reardan, WA",2018,Reardan_2018
Reardan,WA,"Reardan, WA",2019,Reardan_2019
Reardan,WA,"Reardan, WA",2020,Reardan_2020
Reardan,WA,"Reardan, WA",2021,Reardan_2021
Reardan,WA,"Reardan, WA",2022,Reardan_2022
Reardan,WA,"Reardan, WA",2023,Reardan_2023
Reardan,WA,"Reardan, WA",2014,Reardan_2014
Reardan,WA,"Reardan, WA",2015,Reardan_2015
Rexburg,ID,"Rexburg, ID",2018,Rexburg_2018
Ririe,ID,"Ririe, ID",2019,Ririe_2019
Ririe,ID,"Ririe, ID",2014,Ririe_2014
Ririe,ID,"Ririe, ID",2015,Ririe_2015
Ririe,ID,"Ririe, ID",2016,Ririe_2016
Ririe,ID,"Ririe, ID",2017,Ririe_2017
Ririe,ID,"Ririe, ID",2018,Ririe_2018
Ririe,ID,"Ririe, ID",2020,Ririe_2020
Ririe,ID,"Ririe, ID",2021,Ririe_2021
Ririe,ID,"Ririe, ID",2023,Ririe_2023
Ritzville,WA,"Ritzville, WA",2017,Ritzville_2017
Ritzville,WA,"Ritzville, WA",2018,Ritzville_2018
Ritzville,WA,"Ritzville, WA",2019,Ritzville_2019
Ritzville,WA,"Ritzville, WA",2021,Ritzville_2021
Ritzville,WA,"Ritzville, WA",2023,Ritzville_2023
Ritzville,WA,"Ritzville, WA",2024,Ritzville_2024
Ritzville,WA,"Ritzville, WA",2025,Ritzville_2025
Ritzville,WA,"Ritzville, WA",2015,Ritzville_2015
Rockford,IL,"Rockford, IL",2020,Rockford_2020
Rockland,ID,"Rockland, ID",2014,Rockland_2014
Rockland,ID,"Rockland, ID",2015,Rockland_2015
Rockland,ID,"Rockland, ID",2016,Rockland_2016
Rockland,ID,"Rockland, ID",2017,Rockland_2017
Rockland,ID,"Rockland, ID",2018,Rockland_2018
Rockland,ID,"Rockland, ID",2020,Rockland_2020
Rockland,ID,"Rockland, ID",2022,Rockland_2022
Roseau,MN,"Roseau, MN",2019,Roseau_2019
Roseau,MN,"Roseau, MN",2013,Roseau_2013
Roseau,MN,"Roseau, MN",2016,Roseau_2016
Roseau,MN,"Roseau, MN",2023,Roseau_2023
Roseau,MN,"Roseau, MN",2022,Roseau_2022
Roseau,MN,"Roseau, MN",2010,Roseau_2010
Roseau,MN,"Roseau, MN",2011,Roseau_2011
Roseau,MN,"Roseau, MN",2012,Roseau_2012
Rosemount,MN,"Rosemount, MN",2014,Rosemount_2014
Rupert,ID,"Rupert, ID",2016,Rupert_2016
Rupert,ID,"Rupert, ID",2015,Rupert_2015
Rupert,ID,"Rupert, ID",2017,Rupert_2017
Rupert,ID,"Rupert, ID",2018,Rupert_2018
Rupert,ID,"Rupert, ID",2019,Rupert_2019
Rupert,ID,"Rupert, ID",2020,Rupert_2020
Salina,KS,"Salina, KS",2022,Salina_2022
Salina,KS,"Salina, KS",2023,Salina_2023
Salina,KS,"Salina, KS",2024,Salina_2024
Salina,KS,"Salina, KS",2008,Salina_2008
Salina,KS,"Salina, KS",2010,Salina_2010
Salina,KS,"Salina, KS",2009,Salina_2009
Sanilac County,MI,"Sanilac County, MI",2021,Sanilac County_2021
Sanilac County,MI,"Sanilac County, MI",2024,Sanilac County_2024
Sanilac County,MI,"Sanilac County, MI",2025,Sanilac County_2025
Schochoh,KY,"Schochoh, KY",2017,Schochoh_2017
Selby,SD,"Selby, SD",2008,Selby_2008
Selby,SD,"Selby, SD",2009,Selby_2009
Selby,SD,"Selby, SD",2010,Selby_2010
Selby,SD,"Selby, SD",2015,Selby_2015
Selby,SD,"Selby, SD",2016,Selby_2016
Selby,SD,"Selby, SD",2017,Selby_2017
Selby,SD,"Selby, SD",2018,Selby_2018
Sidney,NE,"Sidney, NE",2023,Sidney_2023
Sidney,NE,"Sidney, NE",2022,Sidney_2022
Sidney,NE,"Sidney, NE",2024,Sidney_2024
Sidney,NE,"Sidney, NE",2008,Sidney_2008
Sidney,NE,"Sidney, NE",2014,Sidney_2014
Sidney,NE,"Sidney, NE",2010,Sidney_2010
Sidney,NE,"Sidney, NE",2009,Sidney_2009
Sidney,NE,"Sidney, NE",2007,Sidney_2007
Soda Springs,ID,"Soda Springs, ID",2019,Soda Springs_2019
Soda Springs,ID,"Soda Springs, ID",2015,Soda Springs_2015
Soda Springs,ID,"Soda Springs, ID",2017,Soda Springs_2017
Soda Springs,ID,"Soda Springs, ID",2018,Soda Springs_2018
Soda Springs,ID,"Soda Springs, ID",2020,Soda Springs_2020
Soda Springs,ID,"Soda Springs, ID",2022,Soda Springs_2022
Soda Springs,ID,"Soda Springs, ID",2023,Soda Springs_2023
Soda Springs,ID,"Soda Springs, ID",2016,Soda Springs_2016
South Shore,SD,"South Shore, SD",2008,South Shore_2008
South Shore,SD,"South Shore, SD",2016,South Shore_2016
South Shore,SD,"South Shore, SD",2017,South Shore_2017
South Shore,SD,"South Shore, SD",2018,South Shore_2018
South Willamette,OR,"South Willamette, OR",2016,South Willamette_2016
South Willamette,OR,"South Willamette, OR",2017,South Willamette_2017
St Peter,IL,"St Peter, IL",2022,St Peter_2022
St Peter,IL,"St Peter, IL",2023,St Peter_2023
St. Andrews,WA,"St. Andrews, WA",2017,St. Andrews_2017
St. Andrews,WA,"St. Andrews, WA",2018,St. Andrews_2018
St. Andrews,WA,"St. Andrews, WA",2019,St. Andrews_2019
St. Andrews,WA,"St. Andrews, WA",2020,St. Andrews_2020
St. Jacob,IL,"St. Jacob, IL",2019,St. Jacob_2019
St. Jacob Township,IL,"St. Jacob Township, IL",2021,St. Jacob Township_2021
St. Jacob Township,IL,"St. Jacob Township, IL",2022,St. Jacob Township_2022
St. John,WA,"St. John, WA",2014,St. John_2014
St. John,WA,"St. John, WA",2015,St. John_2015
St. John,WA,"St. John, WA",2017,St. John_2017
St. John,WA,"St. John, WA",2018,St. John_2018
St. John,WA,"St. John, WA",2019,St. John_2019
St. John,WA,"St. John, WA",2020,St. John_2020
St. John,WA,"St. John, WA",2021,St. John_2021
St. Paul,MN,"St. Paul, MN",2015,St. Paul_2015
St. Paul,MN,"St. Paul, MN",2016,St. Paul_2016
St. Paul,MN,"St. Paul, MN",2017,St. Paul_2017
St. Paul,MN,"St. Paul, MN",2020,St. Paul_2020
St. Paul,MN,"St. Paul, MN",2024,St. Paul_2024
St. Paul,MN,"St. Paul, MN",2023,St. Paul_2023
St. Paul,MN,"St. Paul, MN",2022,St. Paul_2022
St. Paul,MN,"St. Paul, MN",2018,St. Paul_2018
St. Paul,MN,"St. Paul, MN",2009,St. Paul_2009
St. Paul,MN,"St. Paul, MN",2010,St. Paul_2010
St. Paul,MN,"St. Paul, MN",2012,St. Paul_2012
St. Paul,MN,"St. Paul, MN",2014,St. Paul_2014
Stephen,MN,"Stephen, MN",2022,Stephen_2022
Stillwater,OK,"Stillwater, OK",2022,Stillwater_2022
Stillwater,OK,"Stillwater, OK",2023,Stillwater_2023
Stillwater,OK,"Stillwater, OK",2011,Stillwater_2011
Stillwater,OK,"Stillwater, OK",2024,Stillwater_2024
Stillwater,OK,"Stillwater, OK",2008,Stillwater_2008
Stillwater,OK,"Stillwater, OK",2014,Stillwater_2014
Stillwater,OK,"Stillwater, OK",2013,Stillwater_2013
Stillwater,OK,"Stillwater, OK",2010,Stillwater_2010
Stillwater,OK,"Stillwater, OK",2009,Stillwater_2009
Strathcona,MN,"Strathcona, MN",2023,Strathcona_2023
Strathcona,MN,"Strathcona, MN",2022,Strathcona_2022
Sturgis,SD,"Sturgis, SD",2008,Sturgis_2008
Sturgis,SD,"Sturgis, SD",2014,Sturgis_2014
Sturgis,SD,"Sturgis, SD",2006,Sturgis_2006
Sturgis,SD,"Sturgis, SD",2010,Sturgis_2010
Sturgis,SD,"Sturgis, SD",2015,Sturgis_2015
Sturgis,SD,"Sturgis, SD",2016,Sturgis_2016
Sturgis,SD,"Sturgis, SD",2017,Sturgis_2017
Sturgis,SD,"Sturgis, SD",2018,Sturgis_2018
Tensed,ID,"Tensed, ID",2015,Tensed_2015
Tensed,ID,"Tensed, ID",2016,Tensed_2016
Tensed,ID,"Tensed, ID",2017,Tensed_2017
Tensed,ID,"Tensed, ID",2018,Tensed_2018
Tensed,ID,"Tensed, ID",2019,Tensed_2019
Tensed,ID,"Tensed, ID",2020,Tensed_2020
Tensed,ID,"Tensed, ID",2021,Tensed_2021
Tiffin,OH,"Tiffin, OH",2024,Tiffin_2024
Tiffin,OH,"Tiffin, OH",2025,Tiffin_2025
Tipton,OK,"Tipton, OK",2012,Tipton_2012
Tipton,OK,"Tipton, OK",2013,Tipton_2013
Tipton,OK,"Tipton, OK",2022,Tipton_2022
Tipton,OK,"Tipton, OK",2023,Tipton_2023
Tipton,OK,"Tipton, OK",2024,Tipton_2024
Urbana,IL,"Urbana, IL",2020,Urbana_2020
Urbana,IL,"Urbana, IL",2018,Urbana_2018
Urbana,IL,"Urbana, IL",2023,Urbana_2023
Urbana,IL,"Urbana, IL",2019,Urbana_2019
Urbana,IL,"Urbana, IL",2021,Urbana_2021
Urbana,IL,"Urbana, IL",2022,Urbana_2022
Vincennes,IN,"Vincennes, IN",2023,Vincennes_2023
Vincennes,IN,"Vincennes, IN",2021,Vincennes_2021
Vivian,SD,"Vivian, SD",2017,Vivian_2017
Vivian,SD,"Vivian, SD",2018,Vivian_2018
Wall,SD,"Wall, SD",2008,Wall_2008
Wall,SD,"Wall, SD",2009,Wall_2009
Wall,SD,"Wall, SD",2014,Wall_2014
Wall,SD,"Wall, SD",2006,Wall_2006
Wall,SD,"Wall, SD",2010,Wall_2010
Wall,SD,"Wall, SD",2015,Wall_2015
Wall,SD,"Wall, SD",2016,Wall_2016
Wall,SD,"Wall, SD",2017,Wall_2017
Wall,SD,"Wall, SD",2018,Wall_2018
Walla Walla,WA,"Walla Walla, WA",2024,Walla Walla_2024
Walla Walla,WA,"Walla Walla, WA",2014,Walla Walla_2014
Walla Walla,WA,"Walla Walla, WA",2015,Walla Walla_2015
Walla Walla,WA,"Walla Walla, WA",2017,Walla Walla_2017
Walla Walla,WA,"Walla Walla, WA",2018,Walla Walla_2018
Walla Walla,WA,"Walla Walla, WA",2019,Walla Walla_2019
Walla Walla,WA,"Walla Walla, WA",2020,Walla Walla_2020
Walla Walla,WA,"Walla Walla, WA",2021,Walla Walla_2021
Walla Walla,WA,"Walla Walla, WA",2025,Walla Walla_2025
Walsh,CO,"Walsh, CO",2011,Walsh_2011
Walsh,CO,"Walsh, CO",2024,Walsh_2024
Walsh,CO,"Walsh, CO",2014,Walsh_2014
Walsh,CO,"Walsh, CO",2010,Walsh_2010
Walsh,CO,"Walsh, CO",2009,Walsh_2009
Walsh,CO,"Walsh, CO",2007,Walsh_2007
Warsaw,VA,"Warsaw, VA",2018,Warsaw_2018
Warsaw,VA,"Warsaw, VA",2023,Warsaw_2023
Warsaw,VA,"Warsaw, VA",2022,Warsaw_2022
Warsaw,VA,"Warsaw, VA",2020,Warsaw_2020
Warsaw,VA,"Warsaw, VA",2019,Warsaw_2019
West Lafayette,IN,"West Lafayette, IN",2017,West Lafayette_2017
West Lafayette,IN,"West Lafayette, IN",2018,West Lafayette_2018
West Lafayette,IN,"West Lafayette, IN",2020,West Lafayette_2020
West Lafayette,IN,"West Lafayette, IN",2021,West Lafayette_2021
West Lafayette,IN,"West Lafayette, IN",2024,West Lafayette_2024
West Lafayette,IN,"West Lafayette, IN",2025,West Lafayette_2025
West Lafayette,IN,"West Lafayette, IN",2023,West Lafayette_2023
West Lafayette,IN,"West Lafayette, IN",2022,West Lafayette_2022
Wichita,KS,"Wichita, KS",2023,Wichita_2023
Wichita,KS,"Wichita, KS",2024,Wichita_2024
Wichita,KS,"Wichita, KS",2008,Wichita_2008
Wichita,KS,"Wichita, KS",2014,Wichita_2014
Wichita,KS,"Wichita, KS",2013,Wichita_2013
Wichita,KS,"Wichita, KS",2010,Wichita_2010
Williston,ND,"Williston, ND",2011,Williston_2011
Williston,ND,"Williston, ND",2012,Williston_2012
Williston,ND,"Williston, ND",2013,Williston_2013
Williston,ND,"Williston, ND",2015,Williston_2015
Williston,ND,"Williston, ND",2016,Williston_2016
Williston,ND,"Williston, ND",2018,Williston_2018
Williston,ND,"Williston, ND",2007,Williston_2007
Williston,ND,"Williston, ND",2008,Williston_2008
Williston,ND,"Williston, ND",2009,Williston_2009
Williston,ND,"Williston, ND",2020,Williston_2020
Williston,ND,"Williston, ND",2010,Williston_2010
Williston,ND,"Williston, ND",2022,Williston_2022
Williston,ND,"Williston, ND",2023,Williston_2023
Winfield,KS,"Winfield, KS",2022,Winfield_2022
Winfield,KS,"Winfield, KS",2008,Winfield_2008
Winfield,KS,"Winfield, KS",2014,Winfield_2014
Winfield,KS,"Winfield, KS",2013,Winfield_2013
Winfield,KS,"Winfield, KS",2010,Winfield_2010
Winner,SD,"Winner, SD",2022,Winner_2022
Winner,SD,"Winner, SD",2008,Winner_2008
Winner,SD,"Winner, SD",2009,Winner_2009
Winner,SD,"Winner, SD",2014,Winner_2014
Winner,SD,"Winner, SD",2006,Winner_2006
Winner,SD,"Winner, SD",2011,Winner_2011
Winner,SD,"Winner, SD",2024,Winner_2024
Winner,SD,"Winner, SD",2015,Winner_2015
Winner,SD,"Winner, SD",2016,Winner_2016
Winner,SD,"Winner, SD",2016,Winner intensive_2016
Winner,SD,"Winner, SD",2017,Winner_2017
Winner,SD,"Winner, SD",2018,Winner_2018
Winner,SD,"Winner, SD",2023,Winner_2023
Winner,SD,"Winner, SD",2017,Winner intensive_2017
Winner,SD,"Winner, SD",2013,Winner_2013
Winner,SD,"Winner, SD",2007,Winner_2007
Wishek,ND,"Wishek, ND",2013,Wishek_2013
Wishek,ND,"Wishek, ND",2014,Wishek_2014
Wishek,ND,"Wishek, ND",2015,Wishek_2015
Wishek,ND,"Wishek, ND",2016,Wishek_2016
Wishek,ND,"Wishek, ND",2017,Wishek_2017
Woodford Co,KY,"Woodford Co, KY",2018,Woodford Co_2018
Wooster,OH,"Wooster, OH",2023,Wooster_2023
Wooster,OH,"Wooster, OH",2014,Wooster_2014
Wooster,OH,"Wooster, OH",2021,Wooster_2021
